{
  "@microsoft/generator-sharepoint": {
    "plusBeta": false,
    "isCreatingSolution": true,
    "nodeVersion": "16.17.1",
    "sdksVersions": {
      "@microsoft/microsoft-graph-client": "3.0.2",
      "@microsoft/teams-js": "2.12.0"
    },
    "version": "1.18.2",
    "libraryName": "graficasf-1",
    "libraryId": "6b3929b6-eb2a-4494-b8c0-3ed0b7f15a2d",
    "environment": "spo",
    "packageManager": "npm",
    "solutionName": "graficasf1",
    "solutionShortDescription": "graficasf1 description",
    "skipFeatureDeployment": true,
    "isDomainIsolated": false,
    "componentType": "webpart"
  }
}
