{
  "$schema": "https://developer.microsoft.com/json-schemas/spfx-build/package-solution.schema.json",
  "solution": {
    "name": "todo-pnp-client-side-solution",
    "id": "51ca3966-63e2-49b8-85c2-88a3c1abd682",
    "version": "1.0.0.0",
    "includeClientSideAssets": true,
    "skipFeatureDeployment": true,
    "isDomainIsolated": false,
    "developer": {
      "name": "",
      "websiteUrl": "",
      "privacyUrl": "",
      "termsOfUseUrl": "",
      "mpnId": "Undefined-1.18.2"
    },
    "metadata": {
      "shortDescription": {
        "default": "todo pnp description"
      },
      "longDescription": {
        "default": "todo pnp description"
      },
      "screenshotPaths": [],
      "videoUrl": "",
      "categories": []
    },
    "features": [
      {
        "title": "todo-pnp Feature",
        "description": "The feature that activates elements of the todo-pnp solution.",
        "id": "93524e30-d3c0-4545-b982-fa6c7468d516",
        "version": "1.0.0.0"
      }
    ]
  },
  "paths": {
    "zippedPackage": "solution/todo-pnp.sppkg"
  }
}
