{
  "@microsoft/generator-sharepoint": {
    "plusBeta": false,
    "isCreatingSolution": true,
    "nodeVersion": "16.17.1",
    "sdksVersions": {
      "@microsoft/microsoft-graph-client": "3.0.2",
      "@microsoft/teams-js": "2.12.0"
    },
    "version": "1.18.2",
    "libraryName": "todo-pnp",
    "libraryId": "51ca3966-63e2-49b8-85c2-88a3c1abd682",
    "environment": "spo",
    "packageManager": "npm",
    "solutionName": "todo pnp",
    "solutionShortDescription": "todo pnp description",
    "skipFeatureDeployment": true,
    "isDomainIsolated": false,
    "componentType": "webpart"
  }
}
