<?xml version="1.0" encoding="utf-8"?><App xmlns="http://schemas.microsoft.com/sharepoint/2012/app/manifest" Name="todo-pnp-client-side-solution" ProductID="51ca3966-63e2-49b8-85c2-88a3c1abd682" SharePointMinVersion="16.0.0.0" IsClientSideSolution="true" Version="1.0.0.0" SkipFeatureDeployment="true" IsDomainIsolated="false"><Properties><Title>todo-pnp-client-side-solution</Title><DeveloperProperties>{&quot;name&quot;:&quot;&quot;,&quot;websiteUrl&quot;:&quot;&quot;,&quot;privacyUrl&quot;:&quot;&quot;,&quot;termsOfUseUrl&quot;:&quot;&quot;,&quot;mpnId&quot;:&quot;Undefined-1.18.2&quot;}</DeveloperProperties><ShortDescription><LocalizedString CultureName="default">todo pnp description</LocalizedString></ShortDescription><LongDescription><LocalizedString CultureName="default">todo pnp description</LocalizedString></LongDescription><Screenshots></Screenshots></Properties></App>