{
  "@microsoft/generator-sharepoint": {
    "plusBeta": false,
    "isCreatingSolution": true,
    "nodeVersion": "16.17.1",
    "sdksVersions": {
      "@microsoft/microsoft-graph-client": "3.0.2",
      "@microsoft/teams-js": "2.12.0"
    },
    "version": "1.18.2",
    "libraryName": "extensiones",
    "libraryId": "22601f65-c8c7-4fba-878b-e1f7c8d63f8b",
    "environment": "spo",
    "packageManager": "npm",
    "solutionName": "Extensiones",
    "solutionShortDescription": "Extensiones description",
    "skipFeatureDeployment": true,
    "isDomainIsolated": false,
    "componentType": "extension",
    "extensionType": "ApplicationCustomizer"
  }
}
