{
  "@microsoft/generator-sharepoint": {
    "plusBeta": false,
    "isCreatingSolution": true,
    "nodeVersion": "16.17.1",
    "sdksVersions": {
      "@microsoft/microsoft-graph-client": "3.0.2",
      "@microsoft/teams-js": "2.12.0"
    },
    "version": "1.18.2",
    "libraryName": "pnp-components",
    "libraryId": "055c31b9-a421-4135-9d89-b5b0a9da4b0f",
    "environment": "spo",
    "packageManager": "npm",
    "solutionName": "pnp components",
    "solutionShortDescription": "pnp components description",
    "skipFeatureDeployment": true,
    "isDomainIsolated": false,
    "componentType": "webpart"
  }
}
