{
  "id": "30de46ee-38ef-49db-988c-de92e4096518",
  "alias": "TodoWebPart",
  "componentType": "WebPart",
  "version": "0.0.1",
  "manifestVersion": 2,
  "requiresCustomScript": false,
  "supportedHosts": [
    "SharePointWebPart",
    "TeamsPersonalApp",
    "TeamsTab",
    "SharePointFullPage"
  ],
  "supportsThemeVariants": true,
  "preconfiguredEntries": [
    {
      "groupId": "5c03119e-3074-46fd-976b-c60198311f70",
      "group": {
        "default": "Advanced"
      },
      "title": {
        "default": "todo"
      },
      "description": {
        "default": "todo description"
      },
      "officeFabricIconFontName": "Page",
      "properties": {
        "description": "Alumnos"
      }
    }
  ],
  "loaderConfig": {
    "internalModuleBaseUrls": [
      "<!-- PATH TO CDN -->"
    ],
    "entryModuleId": "todo-web-part",
    "scriptResources": {
      "todo-web-part": {
        "type": "path",
        "path": "todo-web-part_a8d4dfda5614492f3a88.js"
      },
      "@microsoft/sp-property-pane": {
        "type": "component",
        "id": "f9e737b7-f0df-4597-ba8c-3060f82380db",
        "version": "1.18.2"
      },
      "@microsoft/sp-loader": {
        "type": "component",
        "id": "1c6c9123-7aac-41f3-a376-3caea41ed83f",
        "version": "1.18.2"
      },
      "@microsoft/sp-lodash-subset": {
        "type": "component",
        "id": "73e1dc6c-8441-42cc-ad47-4bd3659f8a3a",
        "version": "1.18.2"
      },
      "ControlStrings": {
        "type": "localizedPath",
        "paths": {
          "bg-BG": "ControlStrings_bg-bg_dc21a81e6055352d9971be6b9d48bd21.js",
          "ca-ES": "ControlStrings_ca-es_024894e468141540c4740b1843e005fe.js",
          "da-DK": "ControlStrings_da-dk_3a558f96eb4cdfadf24b2352b9db77a5.js",
          "de-DE": "ControlStrings_de-de_0d3b120c348ebb21908889f0767be20c.js",
          "el-GR": "ControlStrings_el-gr_51a24b1d8343e7dfaed7105efbe379d0.js",
          "en-US": "ControlStrings_en-us_98eb6723d9e06511f725f0720791ca37.js",
          "es-ES": "ControlStrings_es-es_53ca1151dfa6eb6bde5c70c33352d545.js",
          "et-EE": "ControlStrings_et-ee_23ef025dc181ffba49ec067e8ede5b0c.js",
          "eu-ES": "ControlStrings_eu-es_27ac52b3a73e677027ab509e2d2c327b.js",
          "fi-FI": "ControlStrings_fi-fi_757fc477c8fe0d128951247eafb93228.js",
          "fr-CA": "ControlStrings_fr-ca_2f20190bfa4a32dfd84ea2de8be1f1fd.js",
          "fr-FR": "ControlStrings_fr-fr_61836eae910ba61d3f1e0153478d3617.js",
          "it-IT": "ControlStrings_it-it_c51e11a2210f7c72789b23c4be1e9a97.js",
          "ja-JP": "ControlStrings_ja-jp_36c45186e9d69040e24a03bbd1012e42.js",
          "lt-LT": "ControlStrings_lt-lt_1c7d605793390e6fe146c50fdecb3b6e.js",
          "lv-LV": "ControlStrings_lv-lv_d0b3f37477b6dd3670130cd5f452cbc6.js",
          "nb-NO": "ControlStrings_nb-no_081860ea8dd7c63a19631497d061784b.js",
          "nl-NL": "ControlStrings_nl-nl_38a7b1798b190352a63f7ea3f030259a.js",
          "pl-PL": "ControlStrings_pl-pl_8ca2571e5618963621a1e25dd572ba61.js",
          "pt-BR": "ControlStrings_pt-br_28f579005e20f4a6b625040bf087ae8a.js",
          "pt-PT": "ControlStrings_pt-pt_9d69e5ac7eab23f8395150ad5febf2cd.js",
          "ro-RO": "ControlStrings_ro-ro_fd2e49624e6b511c523f148640805287.js",
          "ru-RU": "ControlStrings_ru-ru_9c610d5cdf81f9b4c18e91e97b16ddd4.js",
          "sk-SK": "ControlStrings_sk-sk_953babb180e1edd249040dc5fba2504a.js",
          "sr-Latn-RS": "ControlStrings_sr-latn-rs_0248c39e49b1824d4c859dc79fae7268.js",
          "sv-SE": "ControlStrings_sv-se_a5a60b40af452decd321ae2443b02fd2.js",
          "tr-TR": "ControlStrings_tr-tr_7a4ff737997c0078d6250395e7a965b4.js",
          "vi-VN": "ControlStrings_vi-vn_7267c73b84a74cdc07e565117a548bb0.js",
          "zh-CN": "ControlStrings_zh-cn_3f954ff45fd720812362279ab98b0b0f.js",
          "zh-TW": "ControlStrings_zh-tw_3e8ddf491a1a3a3c57bdf9e800c4c52d.js"
        },
        "defaultPath": "ControlStrings_en-us_98eb6723d9e06511f725f0720791ca37.js"
      },
      "TodoWebPartStrings": {
        "type": "path",
        "path": "TodoWebPartStrings_en-us_3bd812ceda191f7235a1db0c41d7c3a7.js"
      },
      "@microsoft/sp-core-library": {
        "type": "component",
        "id": "7263c7d0-1d6a-45ec-8d85-d4d1d234171b",
        "version": "1.18.2"
      },
      "@microsoft/sp-page-context": {
        "type": "component",
        "id": "1c4541f7-5c31-41aa-9fa8-fbc9dc14c0a8",
        "version": "1.18.2"
      },
      "@microsoft/sp-webpart-base": {
        "type": "component",
        "id": "974a7777-0990-4136-8fa6-95d80114c2e0",
        "version": "1.18.2"
      },
      "react": {
        "type": "component",
        "id": "0d910c1c-13b9-4e1c-9aa4-b008c5e42d7d",
        "version": "17.0.1"
      },
      "react-dom": {
        "type": "component",
        "id": "aa0a46ec-1505-43cd-a44a-93f3a5aa460a",
        "version": "17.0.1"
      },
      "@microsoft/sp-http": {
        "type": "component",
        "id": "c07208f0-ea3b-4c1a-9965-ac1b825211a6",
        "version": "1.18.2"
      }
    }
  }
}