{
  "@microsoft/generator-sharepoint": {
    "plusBeta": false,
    "isCreatingSolution": true,
    "nodeVersion": "16.17.1",
    "sdksVersions": {
      "@microsoft/microsoft-graph-client": "3.0.2",
      "@microsoft/teams-js": "2.12.0"
    },
    "version": "1.18.2",
    "libraryName": "ntt-components",
    "libraryId": "03ba8e2d-6bb8-4061-bcdd-46bc34cf9b7f",
    "environment": "spo",
    "packageManager": "npm",
    "solutionName": "ntt Components",
    "solutionShortDescription": "ntt Components description",
    "skipFeatureDeployment": true,
    "isDomainIsolated": false,
    "componentType": "webpart"
  }
}
