{
  "$schema": "https://developer.microsoft.com/json-schemas/spfx-build/spfx-serve.schema.json",
  "port": 4321,
  "https": true,
  "serveConfigurations": {
    "default": {
      "pageUrl": "https://https://m365t58091879.sharepoint.com/sites/test/SitePages/myPage.aspx",
      "customActions": {
        "fb7979d5-6826-4c00-85c1-d53f0b1b2de0": {
          "location": "ClientSideExtension.ApplicationCustomizer",
          "properties": {
            "testMessage": "Luis Arias"
          }
        }
      }
    },
    "menu": {
      "pageUrl": "https://https://m365t58091879.sharepoint.com/sites/test/SitePages/myPage.aspx",
      "customActions": {
        "fb7979d5-6826-4c00-85c1-d53f0b1b2de0": {
          "location": "ClientSideExtension.ApplicationCustomizer",
          "properties": {
            "testMessage": "Luis Arias"
          }
        }
      }
    }
  }
}
