<?xml version="1.0" encoding="utf-8"?><App xmlns="http://schemas.microsoft.com/sharepoint/2012/app/manifest" Name="graficasf-1-client-side-solution" ProductID="6b3929b6-eb2a-4494-b8c0-3ed0b7f15a2d" SharePointMinVersion="16.0.0.0" IsClientSideSolution="true" Version="1.0.0.0" SkipFeatureDeployment="true" IsDomainIsolated="false"><Properties><Title>graficasf-1-client-side-solution</Title><DeveloperProperties>{&quot;name&quot;:&quot;&quot;,&quot;websiteUrl&quot;:&quot;&quot;,&quot;privacyUrl&quot;:&quot;&quot;,&quot;termsOfUseUrl&quot;:&quot;&quot;,&quot;mpnId&quot;:&quot;Undefined-1.18.2&quot;}</DeveloperProperties><ShortDescription><LocalizedString CultureName="default">graficasf1 description</LocalizedString></ShortDescription><LongDescription><LocalizedString CultureName="default">graficasf1 description</LocalizedString></LongDescription><Screenshots></Screenshots></Properties></App>