{
  "id": "c1c81b7e-a2aa-4d40-8eb6-d4213f86ee71",
  "alias": "Componentes1WebPart",
  "componentType": "WebPart",
  "version": "0.0.1",
  "manifestVersion": 2,
  "requiresCustomScript": false,
  "supportedHosts": [
    "SharePointWebPart",
    "TeamsPersonalApp",
    "TeamsTab",
    "SharePointFullPage"
  ],
  "supportsThemeVariants": true,
  "preconfiguredEntries": [
    {
      "groupId": "5c03119e-3074-46fd-976b-c60198311f70",
      "group": {
        "default": "Advanced"
      },
      "title": {
        "default": "componentes1"
      },
      "description": {
        "default": "componentes1 description"
      },
      "officeFabricIconFontName": "Page",
      "properties": {
        "description": "Soy Luis Mendoza",
        "titleListAlumnos": "Alumnitos"
      }
    }
  ],
  "loaderConfig": {
    "internalModuleBaseUrls": [
      "<!-- PATH TO CDN -->"
    ],
    "entryModuleId": "componentes-1-web-part",
    "scriptResources": {
      "componentes-1-web-part": {
        "type": "path",
        "path": "componentes-1-web-part.js"
      },
      "@microsoft/sp-property-pane": {
        "type": "component",
        "id": "f9e737b7-f0df-4597-ba8c-3060f82380db",
        "version": "1.18.2"
      },
      "Componentes1WebPartStrings": {
        "type": "localizedPath",
        "paths": {
          "en-US": "Componentes1WebPartStrings_en-us.js",
          "es-ES": "Componentes1WebPartStrings_es-es.js"
        },
        "defaultPath": "Componentes1WebPartStrings_en-us.js"
      },
      "@microsoft/sp-core-library": {
        "type": "component",
        "id": "7263c7d0-1d6a-45ec-8d85-d4d1d234171b",
        "version": "1.18.2"
      },
      "@microsoft/sp-webpart-base": {
        "type": "component",
        "id": "974a7777-0990-4136-8fa6-95d80114c2e0",
        "version": "1.18.2"
      },
      "react": {
        "type": "component",
        "id": "0d910c1c-13b9-4e1c-9aa4-b008c5e42d7d",
        "version": "17.0.1"
      },
      "react-dom": {
        "type": "component",
        "id": "aa0a46ec-1505-43cd-a44a-93f3a5aa460a",
        "version": "17.0.1"
      }
    }
  }
}