{
  "$schema": "https://developer.microsoft.com/json-schemas/spfx-build/package-solution.schema.json",
  "solution": {
    "name": "graficasf-1-client-side-solution",
    "id": "6b3929b6-eb2a-4494-b8c0-3ed0b7f15a2d",
    "version": "1.0.0.0",
    "includeClientSideAssets": true,
    "skipFeatureDeployment": true,
    "isDomainIsolated": false,
    "developer": {
      "name": "",
      "websiteUrl": "",
      "privacyUrl": "",
      "termsOfUseUrl": "",
      "mpnId": "Undefined-1.18.2"
    },
    "metadata": {
      "shortDescription": {
        "default": "graficasf1 description"
      },
      "longDescription": {
        "default": "graficasf1 description"
      },
      "screenshotPaths": [],
      "videoUrl": "",
      "categories": []
    },
    "features": [
      {
        "title": "graficasf-1 Feature",
        "description": "The feature that activates elements of the graficasf-1 solution.",
        "id": "6aed4aeb-7b7b-4b32-b7a4-28e3014e814c",
        "version": "1.0.0.0"
      }
    ]
  },
  "paths": {
    "zippedPackage": "solution/graficasf-1.sppkg"
  }
}
