{
  "$schema": "https://developer.microsoft.com/json-schemas/spfx-build/package-solution.schema.json",
  "solution": {
    "name": "pnp-components-client-side-solution",
    "id": "055c31b9-a421-4135-9d89-b5b0a9da4b0f",
    "version": "1.0.0.0",
    "includeClientSideAssets": true,
    "skipFeatureDeployment": true,
    "isDomainIsolated": false,
    "developer": {
      "name": "",
      "websiteUrl": "",
      "privacyUrl": "",
      "termsOfUseUrl": "",
      "mpnId": "Undefined-1.18.2"
    },
    "metadata": {
      "shortDescription": {
        "default": "pnp components description"
      },
      "longDescription": {
        "default": "pnp components description"
      },
      "screenshotPaths": [],
      "videoUrl": "",
      "categories": []
    },
    "features": [
      {
        "title": "pnp-components Feature",
        "description": "The feature that activates elements of the pnp-components solution.",
        "id": "d23b33f0-6c23-4505-9d24-5d0471327e77",
        "version": "1.0.0.0"
      }
    ]
  },
  "paths": {
    "zippedPackage": "solution/pnp-components.sppkg"
  }
}
