{
  "$schema": "https://developer.microsoft.com/json-schemas/spfx-build/package-solution.schema.json",
  "solution": {
    "name": "ntt-components-client-side-solution",
    "id": "03ba8e2d-6bb8-4061-bcdd-46bc34cf9b7f",
    "version": "1.0.0.0",
    "includeClientSideAssets": true,
    "skipFeatureDeployment": true,
    "isDomainIsolated": false,
    "developer": {
      "name": "",
      "websiteUrl": "",
      "privacyUrl": "",
      "termsOfUseUrl": "",
      "mpnId": "Undefined-1.18.2"
    },
    "metadata": {
      "shortDescription": {
        "default": "ntt Components description"
      },
      "longDescription": {
        "default": "ntt Components description"
      },
      "screenshotPaths": [],
      "videoUrl": "",
      "categories": []
    },
    "features": [
      {
        "title": "ntt-components Feature",
        "description": "The feature that activates elements of the ntt-components solution.",
        "id": "16de0c07-0e8d-4d90-bd1d-049dd289ca7d",
        "version": "1.0.0.0"
      }
    ]
  },
  "paths": {
    "zippedPackage": "solution/ntt-components.sppkg"
  }
}
