{
  "id": "fb7979d5-6826-4c00-85c1-d53f0b1b2de0",
  "alias": "MenuApplicationCustomizer",
  "componentType": "Extension",
  "extensionType": "ApplicationCustomizer",
  "version": "0.0.1",
  "manifestVersion": 2,
  "requiresCustomScript": false,
  "loaderConfig": {
    "internalModuleBaseUrls": [
      "<!-- PATH TO CDN -->"
    ],
    "entryModuleId": "menu-application-customizer",
    "scriptResources": {
      "menu-application-customizer": {
        "type": "path",
        "path": "menu-application-customizer.js"
      },
      "MenuApplicationCustomizerStrings": {
        "type": "path",
        "path": "MenuApplicationCustomizerStrings_en-us.js"
      },
      "@microsoft/sp-application-base": {
        "type": "component",
        "id": "4df9bb86-ab0a-4aab-ab5f-48bf167048fb",
        "version": "1.18.2"
      },
      "@microsoft/sp-core-library": {
        "type": "component",
        "id": "7263c7d0-1d6a-45ec-8d85-d4d1d234171b",
        "version": "1.18.2"
      },
      "react": {
        "type": "component",
        "id": "0d910c1c-13b9-4e1c-9aa4-b008c5e42d7d",
        "version": "17.0.1"
      },
      "react-dom": {
        "type": "component",
        "id": "aa0a46ec-1505-43cd-a44a-93f3a5aa460a",
        "version": "17.0.1"
      }
    }
  }
}