[{"id":"73e1dc6c-8441-42cc-ad47-4bd3659f8a3a","alias":"SPLodashSubset","componentType":"Library","version":"1.18.2","manifestVersion":2,"loaderConfig":{"internalModuleBaseUrls":["https://localhost:4321/node_modules/@microsoft/sp-lodash-subset/dist/"],"entryModuleId":"sp-lodash-subset","scriptResources":{"sp-lodash-subset":{"type":"path","path":"sp-lodash-subset_2c6cf57a8f2295b095a2.js"}}}},{"id":"7263c7d0-1d6a-45ec-8d85-d4d1d234171b","alias":"SPCoreLibrary","componentType":"Library","version":"1.18.2","manifestVersion":2,"loaderConfig":{"internalModuleBaseUrls":["https://localhost:4321/node_modules/@microsoft/sp-core-library/dist/","https://localhost:4321/dist/"],"entryModuleId":"sp-core-library","scriptResources":{"sp-core-library":{"type":"localizedPath","paths":{"default":{"path":"sp-core-library_default_e8c148f1eb2cad58ed77.js","integrity":"sha256-LijiMNA92qi2mQjE4yHx7SkZ1VaNq5mVYvq0JYotrsE="},"en-US":{"path":"sp-core-library_en-us_e8c148f1eb2cad58ed77.js","integrity":"sha256-RlNlJS90PZ90na/rBQtg3SC6+3YRcHm4+QkH79Ioq7E="},"qps-ploca":{"path":"sp-core-library_qps-ploca_e8c148f1eb2cad58ed77.js","integrity":"sha256-GC3FrVHiWDP4HUPMKDIU2fm1AjMlK/UtWmfn8Oyi7nE="},"qps-ploc":{"path":"sp-core-library_qps-ploc_e8c148f1eb2cad58ed77.js","integrity":"sha256-GJcpBLs9uz5+H3oXLVxVWkPlzfhvbGPyZ8C0Y+QuCoE="},"en-GB":{"path":"sp-core-library_en-us_e8c148f1eb2cad58ed77.js","integrity":"sha256-RlNlJS90PZ90na/rBQtg3SC6+3YRcHm4+QkH79Ioq7E="},"en-NZ":{"path":"sp-core-library_en-us_e8c148f1eb2cad58ed77.js","integrity":"sha256-RlNlJS90PZ90na/rBQtg3SC6+3YRcHm4+QkH79Ioq7E="},"en-IE":{"path":"sp-core-library_en-us_e8c148f1eb2cad58ed77.js","integrity":"sha256-RlNlJS90PZ90na/rBQtg3SC6+3YRcHm4+QkH79Ioq7E="},"en-AU":{"path":"sp-core-library_en-us_e8c148f1eb2cad58ed77.js","integrity":"sha256-RlNlJS90PZ90na/rBQtg3SC6+3YRcHm4+QkH79Ioq7E="},"bn":{"path":"sp-core-library_en-us_e8c148f1eb2cad58ed77.js","integrity":"sha256-RlNlJS90PZ90na/rBQtg3SC6+3YRcHm4+QkH79Ioq7E="},"chr":{"path":"sp-core-library_en-us_e8c148f1eb2cad58ed77.js","integrity":"sha256-RlNlJS90PZ90na/rBQtg3SC6+3YRcHm4+QkH79Ioq7E="},"dv":{"path":"sp-core-library_en-us_e8c148f1eb2cad58ed77.js","integrity":"sha256-RlNlJS90PZ90na/rBQtg3SC6+3YRcHm4+QkH79Ioq7E="},"div":{"path":"sp-core-library_en-us_e8c148f1eb2cad58ed77.js","integrity":"sha256-RlNlJS90PZ90na/rBQtg3SC6+3YRcHm4+QkH79Ioq7E="},"en":{"path":"sp-core-library_en-us_e8c148f1eb2cad58ed77.js","integrity":"sha256-RlNlJS90PZ90na/rBQtg3SC6+3YRcHm4+QkH79Ioq7E="},"fil":{"path":"sp-core-library_en-us_e8c148f1eb2cad58ed77.js","integrity":"sha256-RlNlJS90PZ90na/rBQtg3SC6+3YRcHm4+QkH79Ioq7E="},"haw":{"path":"sp-core-library_en-us_e8c148f1eb2cad58ed77.js","integrity":"sha256-RlNlJS90PZ90na/rBQtg3SC6+3YRcHm4+QkH79Ioq7E="},"iu":{"path":"sp-core-library_en-us_e8c148f1eb2cad58ed77.js","integrity":"sha256-RlNlJS90PZ90na/rBQtg3SC6+3YRcHm4+QkH79Ioq7E="},"lo":{"path":"sp-core-library_en-us_e8c148f1eb2cad58ed77.js","integrity":"sha256-RlNlJS90PZ90na/rBQtg3SC6+3YRcHm4+QkH79Ioq7E="},"moh":{"path":"sp-core-library_en-us_e8c148f1eb2cad58ed77.js","integrity":"sha256-RlNlJS90PZ90na/rBQtg3SC6+3YRcHm4+QkH79Ioq7E="},"sq":{"path":"sp-core-library_en-us_e8c148f1eb2cad58ed77.js","integrity":"sha256-RlNlJS90PZ90na/rBQtg3SC6+3YRcHm4+QkH79Ioq7E="},"am":{"path":"sp-core-library_en-us_e8c148f1eb2cad58ed77.js","integrity":"sha256-RlNlJS90PZ90na/rBQtg3SC6+3YRcHm4+QkH79Ioq7E="},"hy":{"path":"sp-core-library_en-us_e8c148f1eb2cad58ed77.js","integrity":"sha256-RlNlJS90PZ90na/rBQtg3SC6+3YRcHm4+QkH79Ioq7E="},"mk":{"path":"sp-core-library_en-us_e8c148f1eb2cad58ed77.js","integrity":"sha256-RlNlJS90PZ90na/rBQtg3SC6+3YRcHm4+QkH79Ioq7E="},"bs":{"path":"sp-core-library_en-us_e8c148f1eb2cad58ed77.js","integrity":"sha256-RlNlJS90PZ90na/rBQtg3SC6+3YRcHm4+QkH79Ioq7E="},"my":{"path":"sp-core-library_en-us_e8c148f1eb2cad58ed77.js","integrity":"sha256-RlNlJS90PZ90na/rBQtg3SC6+3YRcHm4+QkH79Ioq7E="},"dz":{"path":"sp-core-library_en-us_e8c148f1eb2cad58ed77.js","integrity":"sha256-RlNlJS90PZ90na/rBQtg3SC6+3YRcHm4+QkH79Ioq7E="},"en-CY":{"path":"sp-core-library_en-us_e8c148f1eb2cad58ed77.js","integrity":"sha256-RlNlJS90PZ90na/rBQtg3SC6+3YRcHm4+QkH79Ioq7E="},"en-EG":{"path":"sp-core-library_en-us_e8c148f1eb2cad58ed77.js","integrity":"sha256-RlNlJS90PZ90na/rBQtg3SC6+3YRcHm4+QkH79Ioq7E="},"en-IL":{"path":"sp-core-library_en-us_e8c148f1eb2cad58ed77.js","integrity":"sha256-RlNlJS90PZ90na/rBQtg3SC6+3YRcHm4+QkH79Ioq7E="},"en-IS":{"path":"sp-core-library_en-us_e8c148f1eb2cad58ed77.js","integrity":"sha256-RlNlJS90PZ90na/rBQtg3SC6+3YRcHm4+QkH79Ioq7E="},"en-JO":{"path":"sp-core-library_en-us_e8c148f1eb2cad58ed77.js","integrity":"sha256-RlNlJS90PZ90na/rBQtg3SC6+3YRcHm4+QkH79Ioq7E="},"en-KE":{"path":"sp-core-library_en-us_e8c148f1eb2cad58ed77.js","integrity":"sha256-RlNlJS90PZ90na/rBQtg3SC6+3YRcHm4+QkH79Ioq7E="},"en-KW":{"path":"sp-core-library_en-us_e8c148f1eb2cad58ed77.js","integrity":"sha256-RlNlJS90PZ90na/rBQtg3SC6+3YRcHm4+QkH79Ioq7E="},"en-MK":{"path":"sp-core-library_en-us_e8c148f1eb2cad58ed77.js","integrity":"sha256-RlNlJS90PZ90na/rBQtg3SC6+3YRcHm4+QkH79Ioq7E="},"en-MT":{"path":"sp-core-library_en-us_e8c148f1eb2cad58ed77.js","integrity":"sha256-RlNlJS90PZ90na/rBQtg3SC6+3YRcHm4+QkH79Ioq7E="},"en-PK":{"path":"sp-core-library_en-us_e8c148f1eb2cad58ed77.js","integrity":"sha256-RlNlJS90PZ90na/rBQtg3SC6+3YRcHm4+QkH79Ioq7E="},"en-QA":{"path":"sp-core-library_en-us_e8c148f1eb2cad58ed77.js","integrity":"sha256-RlNlJS90PZ90na/rBQtg3SC6+3YRcHm4+QkH79Ioq7E="},"en-SA":{"path":"sp-core-library_en-us_e8c148f1eb2cad58ed77.js","integrity":"sha256-RlNlJS90PZ90na/rBQtg3SC6+3YRcHm4+QkH79Ioq7E="},"en-LK":{"path":"sp-core-library_en-us_e8c148f1eb2cad58ed77.js","integrity":"sha256-RlNlJS90PZ90na/rBQtg3SC6+3YRcHm4+QkH79Ioq7E="},"en-AE":{"path":"sp-core-library_en-us_e8c148f1eb2cad58ed77.js","integrity":"sha256-RlNlJS90PZ90na/rBQtg3SC6+3YRcHm4+QkH79Ioq7E="},"en-VN":{"path":"sp-core-library_en-us_e8c148f1eb2cad58ed77.js","integrity":"sha256-RlNlJS90PZ90na/rBQtg3SC6+3YRcHm4+QkH79Ioq7E="},"is":{"path":"sp-core-library_en-us_e8c148f1eb2cad58ed77.js","integrity":"sha256-RlNlJS90PZ90na/rBQtg3SC6+3YRcHm4+QkH79Ioq7E="},"km":{"path":"sp-core-library_en-us_e8c148f1eb2cad58ed77.js","integrity":"sha256-RlNlJS90PZ90na/rBQtg3SC6+3YRcHm4+QkH79Ioq7E="},"kh":{"path":"sp-core-library_en-us_e8c148f1eb2cad58ed77.js","integrity":"sha256-RlNlJS90PZ90na/rBQtg3SC6+3YRcHm4+QkH79Ioq7E="},"mt":{"path":"sp-core-library_en-us_e8c148f1eb2cad58ed77.js","integrity":"sha256-RlNlJS90PZ90na/rBQtg3SC6+3YRcHm4+QkH79Ioq7E="},"fa":{"path":"sp-core-library_en-us_e8c148f1eb2cad58ed77.js","integrity":"sha256-RlNlJS90PZ90na/rBQtg3SC6+3YRcHm4+QkH79Ioq7E="},"gd":{"path":"sp-core-library_en-us_e8c148f1eb2cad58ed77.js","integrity":"sha256-RlNlJS90PZ90na/rBQtg3SC6+3YRcHm4+QkH79Ioq7E="},"sr-Cyrl-BA":{"path":"sp-core-library_en-us_e8c148f1eb2cad58ed77.js","integrity":"sha256-RlNlJS90PZ90na/rBQtg3SC6+3YRcHm4+QkH79Ioq7E="},"sr-Latn-BA":{"path":"sp-core-library_en-us_e8c148f1eb2cad58ed77.js","integrity":"sha256-RlNlJS90PZ90na/rBQtg3SC6+3YRcHm4+QkH79Ioq7E="},"sd":{"path":"sp-core-library_en-us_e8c148f1eb2cad58ed77.js","integrity":"sha256-RlNlJS90PZ90na/rBQtg3SC6+3YRcHm4+QkH79Ioq7E="},"si":{"path":"sp-core-library_en-us_e8c148f1eb2cad58ed77.js","integrity":"sha256-RlNlJS90PZ90na/rBQtg3SC6+3YRcHm4+QkH79Ioq7E="},"so":{"path":"sp-core-library_en-us_e8c148f1eb2cad58ed77.js","integrity":"sha256-RlNlJS90PZ90na/rBQtg3SC6+3YRcHm4+QkH79Ioq7E="},"ti-ET":{"path":"sp-core-library_en-us_e8c148f1eb2cad58ed77.js","integrity":"sha256-RlNlJS90PZ90na/rBQtg3SC6+3YRcHm4+QkH79Ioq7E="},"uz":{"path":"sp-core-library_en-us_e8c148f1eb2cad58ed77.js","integrity":"sha256-RlNlJS90PZ90na/rBQtg3SC6+3YRcHm4+QkH79Ioq7E="},"en-SG":{"path":"sp-core-library_en-us_e8c148f1eb2cad58ed77.js","integrity":"sha256-RlNlJS90PZ90na/rBQtg3SC6+3YRcHm4+QkH79Ioq7E="},"en-HK":{"path":"sp-core-library_en-us_e8c148f1eb2cad58ed77.js","integrity":"sha256-RlNlJS90PZ90na/rBQtg3SC6+3YRcHm4+QkH79Ioq7E="},"en-MY":{"path":"sp-core-library_en-us_e8c148f1eb2cad58ed77.js","integrity":"sha256-RlNlJS90PZ90na/rBQtg3SC6+3YRcHm4+QkH79Ioq7E="},"en-PH":{"path":"sp-core-library_en-us_e8c148f1eb2cad58ed77.js","integrity":"sha256-RlNlJS90PZ90na/rBQtg3SC6+3YRcHm4+QkH79Ioq7E="},"en-TT":{"path":"sp-core-library_en-us_e8c148f1eb2cad58ed77.js","integrity":"sha256-RlNlJS90PZ90na/rBQtg3SC6+3YRcHm4+QkH79Ioq7E="},"en-AZ":{"path":"sp-core-library_en-us_e8c148f1eb2cad58ed77.js","integrity":"sha256-RlNlJS90PZ90na/rBQtg3SC6+3YRcHm4+QkH79Ioq7E="},"en-BH":{"path":"sp-core-library_en-us_e8c148f1eb2cad58ed77.js","integrity":"sha256-RlNlJS90PZ90na/rBQtg3SC6+3YRcHm4+QkH79Ioq7E="},"en-BN":{"path":"sp-core-library_en-us_e8c148f1eb2cad58ed77.js","integrity":"sha256-RlNlJS90PZ90na/rBQtg3SC6+3YRcHm4+QkH79Ioq7E="},"en-ID":{"path":"sp-core-library_en-us_e8c148f1eb2cad58ed77.js","integrity":"sha256-RlNlJS90PZ90na/rBQtg3SC6+3YRcHm4+QkH79Ioq7E="},"mi":{"path":"sp-core-library_en-us_e8c148f1eb2cad58ed77.js","integrity":"sha256-RlNlJS90PZ90na/rBQtg3SC6+3YRcHm4+QkH79Ioq7E="}},"defaultPath":{"path":"sp-core-library_default_e8c148f1eb2cad58ed77.js","integrity":"sha256-LijiMNA92qi2mQjE4yHx7SkZ1VaNq5mVYvq0JYotrsE="}},"tslib":{"type":"component","id":"01c4df03-e775-48cb-aa14-171ee5199a15","version":"2.3.1"},"@ms/odsp-core-bundle":{"type":"component","id":"2e09fb9b-13bb-48f2-859f-97d6fff71176","version":"1.3.342"}}}},{"manifestVersion":2,"id":"78359e4b-07c2-43c6-8d0b-d060b4d577e8","alias":"SPDiagnostics","componentType":"Library","version":"1.18.2","loaderConfig":{"internalModuleBaseUrls":["https://localhost:4321/node_modules/@microsoft/sp-diagnostics/dist/","https://localhost:4321/dist/"],"entryModuleId":"sp-diagnostics","scriptResources":{"sp-diagnostics":{"type":"path","path":{"path":"sp-diagnostics_none_a5623a9476c7de2f0f04.js","integrity":"sha256-Vw+XYhTGxsl4n5tZBP3cQ9NHWpcyD27mGYBdbPTBqVw="}},"tslib":{"type":"component","id":"01c4df03-e775-48cb-aa14-171ee5199a15","version":"2.3.1"},"@microsoft/sp-lodash-subset":{"type":"component","id":"73e1dc6c-8441-42cc-ad47-4bd3659f8a3a","version":"1.18.2"},"@microsoft/sp-core-library":{"type":"component","id":"7263c7d0-1d6a-45ec-8d85-d4d1d234171b","version":"1.18.2"}}}},{"manifestVersion":2,"id":"e40f8203-b39d-425a-a957-714852e33b79","alias":"SPDynamicData","componentType":"Library","version":"1.18.2","loaderConfig":{"internalModuleBaseUrls":["https://localhost:4321/node_modules/@microsoft/sp-dynamic-data/dist/","https://localhost:4321/dist/"],"entryModuleId":"sp-dynamic-data","scriptResources":{"sp-dynamic-data":{"type":"localizedPath","paths":{"default":{"path":"sp-dynamic-data_default_520f211c3fd1872a9bba.js","integrity":"sha256-iv57j3SDmvZdC8N9vcR4EKGUrF8l2j8WW0cZfZ9Uga0="},"en-US":{"path":"sp-dynamic-data_en-us_520f211c3fd1872a9bba.js","integrity":"sha256-3GfeLtrt6aceRyCK8tKoYPTIVd/q8rqWh3wLtI14sMw="},"qps-ploca":{"path":"sp-dynamic-data_qps-ploca_520f211c3fd1872a9bba.js","integrity":"sha256-oxw3lV/8eghG63HTVZUgYxPNdYNBEm79vY/1nfMm7K4="},"qps-ploc":{"path":"sp-dynamic-data_qps-ploc_520f211c3fd1872a9bba.js","integrity":"sha256-kbAIiqUxit3wlfBGizbXGDCt3nwQqGzyzCFfP8qfo68="},"en-GB":{"path":"sp-dynamic-data_en-us_520f211c3fd1872a9bba.js","integrity":"sha256-3GfeLtrt6aceRyCK8tKoYPTIVd/q8rqWh3wLtI14sMw="},"en-NZ":{"path":"sp-dynamic-data_en-us_520f211c3fd1872a9bba.js","integrity":"sha256-3GfeLtrt6aceRyCK8tKoYPTIVd/q8rqWh3wLtI14sMw="},"en-IE":{"path":"sp-dynamic-data_en-us_520f211c3fd1872a9bba.js","integrity":"sha256-3GfeLtrt6aceRyCK8tKoYPTIVd/q8rqWh3wLtI14sMw="},"en-AU":{"path":"sp-dynamic-data_en-us_520f211c3fd1872a9bba.js","integrity":"sha256-3GfeLtrt6aceRyCK8tKoYPTIVd/q8rqWh3wLtI14sMw="},"bn":{"path":"sp-dynamic-data_en-us_520f211c3fd1872a9bba.js","integrity":"sha256-3GfeLtrt6aceRyCK8tKoYPTIVd/q8rqWh3wLtI14sMw="},"chr":{"path":"sp-dynamic-data_en-us_520f211c3fd1872a9bba.js","integrity":"sha256-3GfeLtrt6aceRyCK8tKoYPTIVd/q8rqWh3wLtI14sMw="},"dv":{"path":"sp-dynamic-data_en-us_520f211c3fd1872a9bba.js","integrity":"sha256-3GfeLtrt6aceRyCK8tKoYPTIVd/q8rqWh3wLtI14sMw="},"div":{"path":"sp-dynamic-data_en-us_520f211c3fd1872a9bba.js","integrity":"sha256-3GfeLtrt6aceRyCK8tKoYPTIVd/q8rqWh3wLtI14sMw="},"en":{"path":"sp-dynamic-data_en-us_520f211c3fd1872a9bba.js","integrity":"sha256-3GfeLtrt6aceRyCK8tKoYPTIVd/q8rqWh3wLtI14sMw="},"fil":{"path":"sp-dynamic-data_en-us_520f211c3fd1872a9bba.js","integrity":"sha256-3GfeLtrt6aceRyCK8tKoYPTIVd/q8rqWh3wLtI14sMw="},"haw":{"path":"sp-dynamic-data_en-us_520f211c3fd1872a9bba.js","integrity":"sha256-3GfeLtrt6aceRyCK8tKoYPTIVd/q8rqWh3wLtI14sMw="},"iu":{"path":"sp-dynamic-data_en-us_520f211c3fd1872a9bba.js","integrity":"sha256-3GfeLtrt6aceRyCK8tKoYPTIVd/q8rqWh3wLtI14sMw="},"lo":{"path":"sp-dynamic-data_en-us_520f211c3fd1872a9bba.js","integrity":"sha256-3GfeLtrt6aceRyCK8tKoYPTIVd/q8rqWh3wLtI14sMw="},"moh":{"path":"sp-dynamic-data_en-us_520f211c3fd1872a9bba.js","integrity":"sha256-3GfeLtrt6aceRyCK8tKoYPTIVd/q8rqWh3wLtI14sMw="},"sq":{"path":"sp-dynamic-data_en-us_520f211c3fd1872a9bba.js","integrity":"sha256-3GfeLtrt6aceRyCK8tKoYPTIVd/q8rqWh3wLtI14sMw="},"am":{"path":"sp-dynamic-data_en-us_520f211c3fd1872a9bba.js","integrity":"sha256-3GfeLtrt6aceRyCK8tKoYPTIVd/q8rqWh3wLtI14sMw="},"hy":{"path":"sp-dynamic-data_en-us_520f211c3fd1872a9bba.js","integrity":"sha256-3GfeLtrt6aceRyCK8tKoYPTIVd/q8rqWh3wLtI14sMw="},"mk":{"path":"sp-dynamic-data_en-us_520f211c3fd1872a9bba.js","integrity":"sha256-3GfeLtrt6aceRyCK8tKoYPTIVd/q8rqWh3wLtI14sMw="},"bs":{"path":"sp-dynamic-data_en-us_520f211c3fd1872a9bba.js","integrity":"sha256-3GfeLtrt6aceRyCK8tKoYPTIVd/q8rqWh3wLtI14sMw="},"my":{"path":"sp-dynamic-data_en-us_520f211c3fd1872a9bba.js","integrity":"sha256-3GfeLtrt6aceRyCK8tKoYPTIVd/q8rqWh3wLtI14sMw="},"dz":{"path":"sp-dynamic-data_en-us_520f211c3fd1872a9bba.js","integrity":"sha256-3GfeLtrt6aceRyCK8tKoYPTIVd/q8rqWh3wLtI14sMw="},"en-CY":{"path":"sp-dynamic-data_en-us_520f211c3fd1872a9bba.js","integrity":"sha256-3GfeLtrt6aceRyCK8tKoYPTIVd/q8rqWh3wLtI14sMw="},"en-EG":{"path":"sp-dynamic-data_en-us_520f211c3fd1872a9bba.js","integrity":"sha256-3GfeLtrt6aceRyCK8tKoYPTIVd/q8rqWh3wLtI14sMw="},"en-IL":{"path":"sp-dynamic-data_en-us_520f211c3fd1872a9bba.js","integrity":"sha256-3GfeLtrt6aceRyCK8tKoYPTIVd/q8rqWh3wLtI14sMw="},"en-IS":{"path":"sp-dynamic-data_en-us_520f211c3fd1872a9bba.js","integrity":"sha256-3GfeLtrt6aceRyCK8tKoYPTIVd/q8rqWh3wLtI14sMw="},"en-JO":{"path":"sp-dynamic-data_en-us_520f211c3fd1872a9bba.js","integrity":"sha256-3GfeLtrt6aceRyCK8tKoYPTIVd/q8rqWh3wLtI14sMw="},"en-KE":{"path":"sp-dynamic-data_en-us_520f211c3fd1872a9bba.js","integrity":"sha256-3GfeLtrt6aceRyCK8tKoYPTIVd/q8rqWh3wLtI14sMw="},"en-KW":{"path":"sp-dynamic-data_en-us_520f211c3fd1872a9bba.js","integrity":"sha256-3GfeLtrt6aceRyCK8tKoYPTIVd/q8rqWh3wLtI14sMw="},"en-MK":{"path":"sp-dynamic-data_en-us_520f211c3fd1872a9bba.js","integrity":"sha256-3GfeLtrt6aceRyCK8tKoYPTIVd/q8rqWh3wLtI14sMw="},"en-MT":{"path":"sp-dynamic-data_en-us_520f211c3fd1872a9bba.js","integrity":"sha256-3GfeLtrt6aceRyCK8tKoYPTIVd/q8rqWh3wLtI14sMw="},"en-PK":{"path":"sp-dynamic-data_en-us_520f211c3fd1872a9bba.js","integrity":"sha256-3GfeLtrt6aceRyCK8tKoYPTIVd/q8rqWh3wLtI14sMw="},"en-QA":{"path":"sp-dynamic-data_en-us_520f211c3fd1872a9bba.js","integrity":"sha256-3GfeLtrt6aceRyCK8tKoYPTIVd/q8rqWh3wLtI14sMw="},"en-SA":{"path":"sp-dynamic-data_en-us_520f211c3fd1872a9bba.js","integrity":"sha256-3GfeLtrt6aceRyCK8tKoYPTIVd/q8rqWh3wLtI14sMw="},"en-LK":{"path":"sp-dynamic-data_en-us_520f211c3fd1872a9bba.js","integrity":"sha256-3GfeLtrt6aceRyCK8tKoYPTIVd/q8rqWh3wLtI14sMw="},"en-AE":{"path":"sp-dynamic-data_en-us_520f211c3fd1872a9bba.js","integrity":"sha256-3GfeLtrt6aceRyCK8tKoYPTIVd/q8rqWh3wLtI14sMw="},"en-VN":{"path":"sp-dynamic-data_en-us_520f211c3fd1872a9bba.js","integrity":"sha256-3GfeLtrt6aceRyCK8tKoYPTIVd/q8rqWh3wLtI14sMw="},"is":{"path":"sp-dynamic-data_en-us_520f211c3fd1872a9bba.js","integrity":"sha256-3GfeLtrt6aceRyCK8tKoYPTIVd/q8rqWh3wLtI14sMw="},"km":{"path":"sp-dynamic-data_en-us_520f211c3fd1872a9bba.js","integrity":"sha256-3GfeLtrt6aceRyCK8tKoYPTIVd/q8rqWh3wLtI14sMw="},"kh":{"path":"sp-dynamic-data_en-us_520f211c3fd1872a9bba.js","integrity":"sha256-3GfeLtrt6aceRyCK8tKoYPTIVd/q8rqWh3wLtI14sMw="},"mt":{"path":"sp-dynamic-data_en-us_520f211c3fd1872a9bba.js","integrity":"sha256-3GfeLtrt6aceRyCK8tKoYPTIVd/q8rqWh3wLtI14sMw="},"fa":{"path":"sp-dynamic-data_en-us_520f211c3fd1872a9bba.js","integrity":"sha256-3GfeLtrt6aceRyCK8tKoYPTIVd/q8rqWh3wLtI14sMw="},"gd":{"path":"sp-dynamic-data_en-us_520f211c3fd1872a9bba.js","integrity":"sha256-3GfeLtrt6aceRyCK8tKoYPTIVd/q8rqWh3wLtI14sMw="},"sr-Cyrl-BA":{"path":"sp-dynamic-data_en-us_520f211c3fd1872a9bba.js","integrity":"sha256-3GfeLtrt6aceRyCK8tKoYPTIVd/q8rqWh3wLtI14sMw="},"sr-Latn-BA":{"path":"sp-dynamic-data_en-us_520f211c3fd1872a9bba.js","integrity":"sha256-3GfeLtrt6aceRyCK8tKoYPTIVd/q8rqWh3wLtI14sMw="},"sd":{"path":"sp-dynamic-data_en-us_520f211c3fd1872a9bba.js","integrity":"sha256-3GfeLtrt6aceRyCK8tKoYPTIVd/q8rqWh3wLtI14sMw="},"si":{"path":"sp-dynamic-data_en-us_520f211c3fd1872a9bba.js","integrity":"sha256-3GfeLtrt6aceRyCK8tKoYPTIVd/q8rqWh3wLtI14sMw="},"so":{"path":"sp-dynamic-data_en-us_520f211c3fd1872a9bba.js","integrity":"sha256-3GfeLtrt6aceRyCK8tKoYPTIVd/q8rqWh3wLtI14sMw="},"ti-ET":{"path":"sp-dynamic-data_en-us_520f211c3fd1872a9bba.js","integrity":"sha256-3GfeLtrt6aceRyCK8tKoYPTIVd/q8rqWh3wLtI14sMw="},"uz":{"path":"sp-dynamic-data_en-us_520f211c3fd1872a9bba.js","integrity":"sha256-3GfeLtrt6aceRyCK8tKoYPTIVd/q8rqWh3wLtI14sMw="},"en-SG":{"path":"sp-dynamic-data_en-us_520f211c3fd1872a9bba.js","integrity":"sha256-3GfeLtrt6aceRyCK8tKoYPTIVd/q8rqWh3wLtI14sMw="},"en-HK":{"path":"sp-dynamic-data_en-us_520f211c3fd1872a9bba.js","integrity":"sha256-3GfeLtrt6aceRyCK8tKoYPTIVd/q8rqWh3wLtI14sMw="},"en-MY":{"path":"sp-dynamic-data_en-us_520f211c3fd1872a9bba.js","integrity":"sha256-3GfeLtrt6aceRyCK8tKoYPTIVd/q8rqWh3wLtI14sMw="},"en-PH":{"path":"sp-dynamic-data_en-us_520f211c3fd1872a9bba.js","integrity":"sha256-3GfeLtrt6aceRyCK8tKoYPTIVd/q8rqWh3wLtI14sMw="},"en-TT":{"path":"sp-dynamic-data_en-us_520f211c3fd1872a9bba.js","integrity":"sha256-3GfeLtrt6aceRyCK8tKoYPTIVd/q8rqWh3wLtI14sMw="},"en-AZ":{"path":"sp-dynamic-data_en-us_520f211c3fd1872a9bba.js","integrity":"sha256-3GfeLtrt6aceRyCK8tKoYPTIVd/q8rqWh3wLtI14sMw="},"en-BH":{"path":"sp-dynamic-data_en-us_520f211c3fd1872a9bba.js","integrity":"sha256-3GfeLtrt6aceRyCK8tKoYPTIVd/q8rqWh3wLtI14sMw="},"en-BN":{"path":"sp-dynamic-data_en-us_520f211c3fd1872a9bba.js","integrity":"sha256-3GfeLtrt6aceRyCK8tKoYPTIVd/q8rqWh3wLtI14sMw="},"en-ID":{"path":"sp-dynamic-data_en-us_520f211c3fd1872a9bba.js","integrity":"sha256-3GfeLtrt6aceRyCK8tKoYPTIVd/q8rqWh3wLtI14sMw="},"mi":{"path":"sp-dynamic-data_en-us_520f211c3fd1872a9bba.js","integrity":"sha256-3GfeLtrt6aceRyCK8tKoYPTIVd/q8rqWh3wLtI14sMw="}},"defaultPath":{"path":"sp-dynamic-data_default_520f211c3fd1872a9bba.js","integrity":"sha256-iv57j3SDmvZdC8N9vcR4EKGUrF8l2j8WW0cZfZ9Uga0="}},"@microsoft/sp-lodash-subset":{"type":"component","id":"73e1dc6c-8441-42cc-ad47-4bd3659f8a3a","version":"1.18.2"},"@microsoft/sp-core-library":{"type":"component","id":"7263c7d0-1d6a-45ec-8d85-d4d1d234171b","version":"1.18.2"},"@microsoft/sp-diagnostics":{"type":"component","id":"78359e4b-07c2-43c6-8d0b-d060b4d577e8","version":"1.18.2"}}}},{"id":"1c4541f7-5c31-41aa-9fa8-fbc9dc14c0a8","alias":"SPPageContext","componentType":"Library","version":"1.18.2","manifestVersion":2,"loaderConfig":{"internalModuleBaseUrls":["https://localhost:4321/node_modules/@microsoft/sp-page-context/dist/","https://localhost:4321/dist/"],"entryModuleId":"sp-page-context","scriptResources":{"sp-page-context":{"type":"localizedPath","paths":{"default":{"path":"sp-page-context_default_9346461352be7b18c013.js","integrity":"sha256-CCudR8f30iKdoMTgfkNOWa6zd9TaaYP+ed4rcWbTaKc="},"en-US":{"path":"sp-page-context_en-us_9346461352be7b18c013.js","integrity":"sha256-+MpmkHzSCSMjFWGWAKzmk2XEA9x91QLXgtPdm/kdllk="},"qps-ploca":{"path":"sp-page-context_qps-ploca_9346461352be7b18c013.js","integrity":"sha256-iUQXxSrngVg+NMarqsl9p8tVWRpdn5op5I8bxncGWkk="},"qps-ploc":{"path":"sp-page-context_qps-ploc_9346461352be7b18c013.js","integrity":"sha256-KaFebl+/hGkXIc95bskyx4cIqQWCae6n5JwTSdh2krY="},"en-GB":{"path":"sp-page-context_en-us_9346461352be7b18c013.js","integrity":"sha256-+MpmkHzSCSMjFWGWAKzmk2XEA9x91QLXgtPdm/kdllk="},"en-NZ":{"path":"sp-page-context_en-us_9346461352be7b18c013.js","integrity":"sha256-+MpmkHzSCSMjFWGWAKzmk2XEA9x91QLXgtPdm/kdllk="},"en-IE":{"path":"sp-page-context_en-us_9346461352be7b18c013.js","integrity":"sha256-+MpmkHzSCSMjFWGWAKzmk2XEA9x91QLXgtPdm/kdllk="},"en-AU":{"path":"sp-page-context_en-us_9346461352be7b18c013.js","integrity":"sha256-+MpmkHzSCSMjFWGWAKzmk2XEA9x91QLXgtPdm/kdllk="},"bn":{"path":"sp-page-context_en-us_9346461352be7b18c013.js","integrity":"sha256-+MpmkHzSCSMjFWGWAKzmk2XEA9x91QLXgtPdm/kdllk="},"chr":{"path":"sp-page-context_en-us_9346461352be7b18c013.js","integrity":"sha256-+MpmkHzSCSMjFWGWAKzmk2XEA9x91QLXgtPdm/kdllk="},"dv":{"path":"sp-page-context_en-us_9346461352be7b18c013.js","integrity":"sha256-+MpmkHzSCSMjFWGWAKzmk2XEA9x91QLXgtPdm/kdllk="},"div":{"path":"sp-page-context_en-us_9346461352be7b18c013.js","integrity":"sha256-+MpmkHzSCSMjFWGWAKzmk2XEA9x91QLXgtPdm/kdllk="},"en":{"path":"sp-page-context_en-us_9346461352be7b18c013.js","integrity":"sha256-+MpmkHzSCSMjFWGWAKzmk2XEA9x91QLXgtPdm/kdllk="},"fil":{"path":"sp-page-context_en-us_9346461352be7b18c013.js","integrity":"sha256-+MpmkHzSCSMjFWGWAKzmk2XEA9x91QLXgtPdm/kdllk="},"haw":{"path":"sp-page-context_en-us_9346461352be7b18c013.js","integrity":"sha256-+MpmkHzSCSMjFWGWAKzmk2XEA9x91QLXgtPdm/kdllk="},"iu":{"path":"sp-page-context_en-us_9346461352be7b18c013.js","integrity":"sha256-+MpmkHzSCSMjFWGWAKzmk2XEA9x91QLXgtPdm/kdllk="},"lo":{"path":"sp-page-context_en-us_9346461352be7b18c013.js","integrity":"sha256-+MpmkHzSCSMjFWGWAKzmk2XEA9x91QLXgtPdm/kdllk="},"moh":{"path":"sp-page-context_en-us_9346461352be7b18c013.js","integrity":"sha256-+MpmkHzSCSMjFWGWAKzmk2XEA9x91QLXgtPdm/kdllk="},"sq":{"path":"sp-page-context_en-us_9346461352be7b18c013.js","integrity":"sha256-+MpmkHzSCSMjFWGWAKzmk2XEA9x91QLXgtPdm/kdllk="},"am":{"path":"sp-page-context_en-us_9346461352be7b18c013.js","integrity":"sha256-+MpmkHzSCSMjFWGWAKzmk2XEA9x91QLXgtPdm/kdllk="},"hy":{"path":"sp-page-context_en-us_9346461352be7b18c013.js","integrity":"sha256-+MpmkHzSCSMjFWGWAKzmk2XEA9x91QLXgtPdm/kdllk="},"mk":{"path":"sp-page-context_en-us_9346461352be7b18c013.js","integrity":"sha256-+MpmkHzSCSMjFWGWAKzmk2XEA9x91QLXgtPdm/kdllk="},"bs":{"path":"sp-page-context_en-us_9346461352be7b18c013.js","integrity":"sha256-+MpmkHzSCSMjFWGWAKzmk2XEA9x91QLXgtPdm/kdllk="},"my":{"path":"sp-page-context_en-us_9346461352be7b18c013.js","integrity":"sha256-+MpmkHzSCSMjFWGWAKzmk2XEA9x91QLXgtPdm/kdllk="},"dz":{"path":"sp-page-context_en-us_9346461352be7b18c013.js","integrity":"sha256-+MpmkHzSCSMjFWGWAKzmk2XEA9x91QLXgtPdm/kdllk="},"en-CY":{"path":"sp-page-context_en-us_9346461352be7b18c013.js","integrity":"sha256-+MpmkHzSCSMjFWGWAKzmk2XEA9x91QLXgtPdm/kdllk="},"en-EG":{"path":"sp-page-context_en-us_9346461352be7b18c013.js","integrity":"sha256-+MpmkHzSCSMjFWGWAKzmk2XEA9x91QLXgtPdm/kdllk="},"en-IL":{"path":"sp-page-context_en-us_9346461352be7b18c013.js","integrity":"sha256-+MpmkHzSCSMjFWGWAKzmk2XEA9x91QLXgtPdm/kdllk="},"en-IS":{"path":"sp-page-context_en-us_9346461352be7b18c013.js","integrity":"sha256-+MpmkHzSCSMjFWGWAKzmk2XEA9x91QLXgtPdm/kdllk="},"en-JO":{"path":"sp-page-context_en-us_9346461352be7b18c013.js","integrity":"sha256-+MpmkHzSCSMjFWGWAKzmk2XEA9x91QLXgtPdm/kdllk="},"en-KE":{"path":"sp-page-context_en-us_9346461352be7b18c013.js","integrity":"sha256-+MpmkHzSCSMjFWGWAKzmk2XEA9x91QLXgtPdm/kdllk="},"en-KW":{"path":"sp-page-context_en-us_9346461352be7b18c013.js","integrity":"sha256-+MpmkHzSCSMjFWGWAKzmk2XEA9x91QLXgtPdm/kdllk="},"en-MK":{"path":"sp-page-context_en-us_9346461352be7b18c013.js","integrity":"sha256-+MpmkHzSCSMjFWGWAKzmk2XEA9x91QLXgtPdm/kdllk="},"en-MT":{"path":"sp-page-context_en-us_9346461352be7b18c013.js","integrity":"sha256-+MpmkHzSCSMjFWGWAKzmk2XEA9x91QLXgtPdm/kdllk="},"en-PK":{"path":"sp-page-context_en-us_9346461352be7b18c013.js","integrity":"sha256-+MpmkHzSCSMjFWGWAKzmk2XEA9x91QLXgtPdm/kdllk="},"en-QA":{"path":"sp-page-context_en-us_9346461352be7b18c013.js","integrity":"sha256-+MpmkHzSCSMjFWGWAKzmk2XEA9x91QLXgtPdm/kdllk="},"en-SA":{"path":"sp-page-context_en-us_9346461352be7b18c013.js","integrity":"sha256-+MpmkHzSCSMjFWGWAKzmk2XEA9x91QLXgtPdm/kdllk="},"en-LK":{"path":"sp-page-context_en-us_9346461352be7b18c013.js","integrity":"sha256-+MpmkHzSCSMjFWGWAKzmk2XEA9x91QLXgtPdm/kdllk="},"en-AE":{"path":"sp-page-context_en-us_9346461352be7b18c013.js","integrity":"sha256-+MpmkHzSCSMjFWGWAKzmk2XEA9x91QLXgtPdm/kdllk="},"en-VN":{"path":"sp-page-context_en-us_9346461352be7b18c013.js","integrity":"sha256-+MpmkHzSCSMjFWGWAKzmk2XEA9x91QLXgtPdm/kdllk="},"is":{"path":"sp-page-context_en-us_9346461352be7b18c013.js","integrity":"sha256-+MpmkHzSCSMjFWGWAKzmk2XEA9x91QLXgtPdm/kdllk="},"km":{"path":"sp-page-context_en-us_9346461352be7b18c013.js","integrity":"sha256-+MpmkHzSCSMjFWGWAKzmk2XEA9x91QLXgtPdm/kdllk="},"kh":{"path":"sp-page-context_en-us_9346461352be7b18c013.js","integrity":"sha256-+MpmkHzSCSMjFWGWAKzmk2XEA9x91QLXgtPdm/kdllk="},"mt":{"path":"sp-page-context_en-us_9346461352be7b18c013.js","integrity":"sha256-+MpmkHzSCSMjFWGWAKzmk2XEA9x91QLXgtPdm/kdllk="},"fa":{"path":"sp-page-context_en-us_9346461352be7b18c013.js","integrity":"sha256-+MpmkHzSCSMjFWGWAKzmk2XEA9x91QLXgtPdm/kdllk="},"gd":{"path":"sp-page-context_en-us_9346461352be7b18c013.js","integrity":"sha256-+MpmkHzSCSMjFWGWAKzmk2XEA9x91QLXgtPdm/kdllk="},"sr-Cyrl-BA":{"path":"sp-page-context_en-us_9346461352be7b18c013.js","integrity":"sha256-+MpmkHzSCSMjFWGWAKzmk2XEA9x91QLXgtPdm/kdllk="},"sr-Latn-BA":{"path":"sp-page-context_en-us_9346461352be7b18c013.js","integrity":"sha256-+MpmkHzSCSMjFWGWAKzmk2XEA9x91QLXgtPdm/kdllk="},"sd":{"path":"sp-page-context_en-us_9346461352be7b18c013.js","integrity":"sha256-+MpmkHzSCSMjFWGWAKzmk2XEA9x91QLXgtPdm/kdllk="},"si":{"path":"sp-page-context_en-us_9346461352be7b18c013.js","integrity":"sha256-+MpmkHzSCSMjFWGWAKzmk2XEA9x91QLXgtPdm/kdllk="},"so":{"path":"sp-page-context_en-us_9346461352be7b18c013.js","integrity":"sha256-+MpmkHzSCSMjFWGWAKzmk2XEA9x91QLXgtPdm/kdllk="},"ti-ET":{"path":"sp-page-context_en-us_9346461352be7b18c013.js","integrity":"sha256-+MpmkHzSCSMjFWGWAKzmk2XEA9x91QLXgtPdm/kdllk="},"uz":{"path":"sp-page-context_en-us_9346461352be7b18c013.js","integrity":"sha256-+MpmkHzSCSMjFWGWAKzmk2XEA9x91QLXgtPdm/kdllk="},"en-SG":{"path":"sp-page-context_en-us_9346461352be7b18c013.js","integrity":"sha256-+MpmkHzSCSMjFWGWAKzmk2XEA9x91QLXgtPdm/kdllk="},"en-HK":{"path":"sp-page-context_en-us_9346461352be7b18c013.js","integrity":"sha256-+MpmkHzSCSMjFWGWAKzmk2XEA9x91QLXgtPdm/kdllk="},"en-MY":{"path":"sp-page-context_en-us_9346461352be7b18c013.js","integrity":"sha256-+MpmkHzSCSMjFWGWAKzmk2XEA9x91QLXgtPdm/kdllk="},"en-PH":{"path":"sp-page-context_en-us_9346461352be7b18c013.js","integrity":"sha256-+MpmkHzSCSMjFWGWAKzmk2XEA9x91QLXgtPdm/kdllk="},"en-TT":{"path":"sp-page-context_en-us_9346461352be7b18c013.js","integrity":"sha256-+MpmkHzSCSMjFWGWAKzmk2XEA9x91QLXgtPdm/kdllk="},"en-AZ":{"path":"sp-page-context_en-us_9346461352be7b18c013.js","integrity":"sha256-+MpmkHzSCSMjFWGWAKzmk2XEA9x91QLXgtPdm/kdllk="},"en-BH":{"path":"sp-page-context_en-us_9346461352be7b18c013.js","integrity":"sha256-+MpmkHzSCSMjFWGWAKzmk2XEA9x91QLXgtPdm/kdllk="},"en-BN":{"path":"sp-page-context_en-us_9346461352be7b18c013.js","integrity":"sha256-+MpmkHzSCSMjFWGWAKzmk2XEA9x91QLXgtPdm/kdllk="},"en-ID":{"path":"sp-page-context_en-us_9346461352be7b18c013.js","integrity":"sha256-+MpmkHzSCSMjFWGWAKzmk2XEA9x91QLXgtPdm/kdllk="},"mi":{"path":"sp-page-context_en-us_9346461352be7b18c013.js","integrity":"sha256-+MpmkHzSCSMjFWGWAKzmk2XEA9x91QLXgtPdm/kdllk="}},"defaultPath":{"path":"sp-page-context_default_9346461352be7b18c013.js","integrity":"sha256-CCudR8f30iKdoMTgfkNOWa6zd9TaaYP+ed4rcWbTaKc="}},"tslib":{"type":"component","id":"01c4df03-e775-48cb-aa14-171ee5199a15","version":"2.3.1"},"@microsoft/sp-dynamic-data":{"type":"component","id":"e40f8203-b39d-425a-a957-714852e33b79","version":"1.18.2"},"@microsoft/sp-core-library":{"type":"component","id":"7263c7d0-1d6a-45ec-8d85-d4d1d234171b","version":"1.18.2"},"@microsoft/sp-diagnostics":{"type":"component","id":"78359e4b-07c2-43c6-8d0b-d060b4d577e8","version":"1.18.2"}}}},{"manifestVersion":2,"id":"8496636c-2300-4915-abef-20de64c98d8b","alias":"@microsoft/sp-http-base","componentType":"Library","version":"1.18.2","loaderConfig":{"internalModuleBaseUrls":["https://localhost:4321/node_modules/@microsoft/sp-http-base/dist/","https://localhost:4321/dist/"],"entryModuleId":"sp-http-base","scriptResources":{"sp-http-base":{"type":"localizedPath","paths":{"default":{"path":"sp-http-base_default_ac34f42e6abccb520d9b.js","integrity":"sha256-p+Bge4yOIP8sbEkxRZaB+BMrvy8KzbTpHAfKlc893n8="},"en-US":{"path":"sp-http-base_en-us_ac34f42e6abccb520d9b.js","integrity":"sha256-FL6hwkGSCeMVOFX32s8fnVVm6ftpUqQi/dQdp7KrALA="},"qps-ploca":{"path":"sp-http-base_qps-ploca_ac34f42e6abccb520d9b.js","integrity":"sha256-QsZ1ZwfQR3ewvX5TfCYUWKv0F0mYgZ+yhoSrzlHWogU="},"qps-ploc":{"path":"sp-http-base_qps-ploc_ac34f42e6abccb520d9b.js","integrity":"sha256-k59E+audyAyJiNMYCfENVQwDCao6KPP+fbFqBaVlkDg="},"en-GB":{"path":"sp-http-base_en-us_ac34f42e6abccb520d9b.js","integrity":"sha256-FL6hwkGSCeMVOFX32s8fnVVm6ftpUqQi/dQdp7KrALA="},"en-NZ":{"path":"sp-http-base_en-us_ac34f42e6abccb520d9b.js","integrity":"sha256-FL6hwkGSCeMVOFX32s8fnVVm6ftpUqQi/dQdp7KrALA="},"en-IE":{"path":"sp-http-base_en-us_ac34f42e6abccb520d9b.js","integrity":"sha256-FL6hwkGSCeMVOFX32s8fnVVm6ftpUqQi/dQdp7KrALA="},"en-AU":{"path":"sp-http-base_en-us_ac34f42e6abccb520d9b.js","integrity":"sha256-FL6hwkGSCeMVOFX32s8fnVVm6ftpUqQi/dQdp7KrALA="},"bn":{"path":"sp-http-base_en-us_ac34f42e6abccb520d9b.js","integrity":"sha256-FL6hwkGSCeMVOFX32s8fnVVm6ftpUqQi/dQdp7KrALA="},"chr":{"path":"sp-http-base_en-us_ac34f42e6abccb520d9b.js","integrity":"sha256-FL6hwkGSCeMVOFX32s8fnVVm6ftpUqQi/dQdp7KrALA="},"dv":{"path":"sp-http-base_en-us_ac34f42e6abccb520d9b.js","integrity":"sha256-FL6hwkGSCeMVOFX32s8fnVVm6ftpUqQi/dQdp7KrALA="},"div":{"path":"sp-http-base_en-us_ac34f42e6abccb520d9b.js","integrity":"sha256-FL6hwkGSCeMVOFX32s8fnVVm6ftpUqQi/dQdp7KrALA="},"en":{"path":"sp-http-base_en-us_ac34f42e6abccb520d9b.js","integrity":"sha256-FL6hwkGSCeMVOFX32s8fnVVm6ftpUqQi/dQdp7KrALA="},"fil":{"path":"sp-http-base_en-us_ac34f42e6abccb520d9b.js","integrity":"sha256-FL6hwkGSCeMVOFX32s8fnVVm6ftpUqQi/dQdp7KrALA="},"haw":{"path":"sp-http-base_en-us_ac34f42e6abccb520d9b.js","integrity":"sha256-FL6hwkGSCeMVOFX32s8fnVVm6ftpUqQi/dQdp7KrALA="},"iu":{"path":"sp-http-base_en-us_ac34f42e6abccb520d9b.js","integrity":"sha256-FL6hwkGSCeMVOFX32s8fnVVm6ftpUqQi/dQdp7KrALA="},"lo":{"path":"sp-http-base_en-us_ac34f42e6abccb520d9b.js","integrity":"sha256-FL6hwkGSCeMVOFX32s8fnVVm6ftpUqQi/dQdp7KrALA="},"moh":{"path":"sp-http-base_en-us_ac34f42e6abccb520d9b.js","integrity":"sha256-FL6hwkGSCeMVOFX32s8fnVVm6ftpUqQi/dQdp7KrALA="},"sq":{"path":"sp-http-base_en-us_ac34f42e6abccb520d9b.js","integrity":"sha256-FL6hwkGSCeMVOFX32s8fnVVm6ftpUqQi/dQdp7KrALA="},"am":{"path":"sp-http-base_en-us_ac34f42e6abccb520d9b.js","integrity":"sha256-FL6hwkGSCeMVOFX32s8fnVVm6ftpUqQi/dQdp7KrALA="},"hy":{"path":"sp-http-base_en-us_ac34f42e6abccb520d9b.js","integrity":"sha256-FL6hwkGSCeMVOFX32s8fnVVm6ftpUqQi/dQdp7KrALA="},"mk":{"path":"sp-http-base_en-us_ac34f42e6abccb520d9b.js","integrity":"sha256-FL6hwkGSCeMVOFX32s8fnVVm6ftpUqQi/dQdp7KrALA="},"bs":{"path":"sp-http-base_en-us_ac34f42e6abccb520d9b.js","integrity":"sha256-FL6hwkGSCeMVOFX32s8fnVVm6ftpUqQi/dQdp7KrALA="},"my":{"path":"sp-http-base_en-us_ac34f42e6abccb520d9b.js","integrity":"sha256-FL6hwkGSCeMVOFX32s8fnVVm6ftpUqQi/dQdp7KrALA="},"dz":{"path":"sp-http-base_en-us_ac34f42e6abccb520d9b.js","integrity":"sha256-FL6hwkGSCeMVOFX32s8fnVVm6ftpUqQi/dQdp7KrALA="},"en-CY":{"path":"sp-http-base_en-us_ac34f42e6abccb520d9b.js","integrity":"sha256-FL6hwkGSCeMVOFX32s8fnVVm6ftpUqQi/dQdp7KrALA="},"en-EG":{"path":"sp-http-base_en-us_ac34f42e6abccb520d9b.js","integrity":"sha256-FL6hwkGSCeMVOFX32s8fnVVm6ftpUqQi/dQdp7KrALA="},"en-IL":{"path":"sp-http-base_en-us_ac34f42e6abccb520d9b.js","integrity":"sha256-FL6hwkGSCeMVOFX32s8fnVVm6ftpUqQi/dQdp7KrALA="},"en-IS":{"path":"sp-http-base_en-us_ac34f42e6abccb520d9b.js","integrity":"sha256-FL6hwkGSCeMVOFX32s8fnVVm6ftpUqQi/dQdp7KrALA="},"en-JO":{"path":"sp-http-base_en-us_ac34f42e6abccb520d9b.js","integrity":"sha256-FL6hwkGSCeMVOFX32s8fnVVm6ftpUqQi/dQdp7KrALA="},"en-KE":{"path":"sp-http-base_en-us_ac34f42e6abccb520d9b.js","integrity":"sha256-FL6hwkGSCeMVOFX32s8fnVVm6ftpUqQi/dQdp7KrALA="},"en-KW":{"path":"sp-http-base_en-us_ac34f42e6abccb520d9b.js","integrity":"sha256-FL6hwkGSCeMVOFX32s8fnVVm6ftpUqQi/dQdp7KrALA="},"en-MK":{"path":"sp-http-base_en-us_ac34f42e6abccb520d9b.js","integrity":"sha256-FL6hwkGSCeMVOFX32s8fnVVm6ftpUqQi/dQdp7KrALA="},"en-MT":{"path":"sp-http-base_en-us_ac34f42e6abccb520d9b.js","integrity":"sha256-FL6hwkGSCeMVOFX32s8fnVVm6ftpUqQi/dQdp7KrALA="},"en-PK":{"path":"sp-http-base_en-us_ac34f42e6abccb520d9b.js","integrity":"sha256-FL6hwkGSCeMVOFX32s8fnVVm6ftpUqQi/dQdp7KrALA="},"en-QA":{"path":"sp-http-base_en-us_ac34f42e6abccb520d9b.js","integrity":"sha256-FL6hwkGSCeMVOFX32s8fnVVm6ftpUqQi/dQdp7KrALA="},"en-SA":{"path":"sp-http-base_en-us_ac34f42e6abccb520d9b.js","integrity":"sha256-FL6hwkGSCeMVOFX32s8fnVVm6ftpUqQi/dQdp7KrALA="},"en-LK":{"path":"sp-http-base_en-us_ac34f42e6abccb520d9b.js","integrity":"sha256-FL6hwkGSCeMVOFX32s8fnVVm6ftpUqQi/dQdp7KrALA="},"en-AE":{"path":"sp-http-base_en-us_ac34f42e6abccb520d9b.js","integrity":"sha256-FL6hwkGSCeMVOFX32s8fnVVm6ftpUqQi/dQdp7KrALA="},"en-VN":{"path":"sp-http-base_en-us_ac34f42e6abccb520d9b.js","integrity":"sha256-FL6hwkGSCeMVOFX32s8fnVVm6ftpUqQi/dQdp7KrALA="},"is":{"path":"sp-http-base_en-us_ac34f42e6abccb520d9b.js","integrity":"sha256-FL6hwkGSCeMVOFX32s8fnVVm6ftpUqQi/dQdp7KrALA="},"km":{"path":"sp-http-base_en-us_ac34f42e6abccb520d9b.js","integrity":"sha256-FL6hwkGSCeMVOFX32s8fnVVm6ftpUqQi/dQdp7KrALA="},"kh":{"path":"sp-http-base_en-us_ac34f42e6abccb520d9b.js","integrity":"sha256-FL6hwkGSCeMVOFX32s8fnVVm6ftpUqQi/dQdp7KrALA="},"mt":{"path":"sp-http-base_en-us_ac34f42e6abccb520d9b.js","integrity":"sha256-FL6hwkGSCeMVOFX32s8fnVVm6ftpUqQi/dQdp7KrALA="},"fa":{"path":"sp-http-base_en-us_ac34f42e6abccb520d9b.js","integrity":"sha256-FL6hwkGSCeMVOFX32s8fnVVm6ftpUqQi/dQdp7KrALA="},"gd":{"path":"sp-http-base_en-us_ac34f42e6abccb520d9b.js","integrity":"sha256-FL6hwkGSCeMVOFX32s8fnVVm6ftpUqQi/dQdp7KrALA="},"sr-Cyrl-BA":{"path":"sp-http-base_en-us_ac34f42e6abccb520d9b.js","integrity":"sha256-FL6hwkGSCeMVOFX32s8fnVVm6ftpUqQi/dQdp7KrALA="},"sr-Latn-BA":{"path":"sp-http-base_en-us_ac34f42e6abccb520d9b.js","integrity":"sha256-FL6hwkGSCeMVOFX32s8fnVVm6ftpUqQi/dQdp7KrALA="},"sd":{"path":"sp-http-base_en-us_ac34f42e6abccb520d9b.js","integrity":"sha256-FL6hwkGSCeMVOFX32s8fnVVm6ftpUqQi/dQdp7KrALA="},"si":{"path":"sp-http-base_en-us_ac34f42e6abccb520d9b.js","integrity":"sha256-FL6hwkGSCeMVOFX32s8fnVVm6ftpUqQi/dQdp7KrALA="},"so":{"path":"sp-http-base_en-us_ac34f42e6abccb520d9b.js","integrity":"sha256-FL6hwkGSCeMVOFX32s8fnVVm6ftpUqQi/dQdp7KrALA="},"ti-ET":{"path":"sp-http-base_en-us_ac34f42e6abccb520d9b.js","integrity":"sha256-FL6hwkGSCeMVOFX32s8fnVVm6ftpUqQi/dQdp7KrALA="},"uz":{"path":"sp-http-base_en-us_ac34f42e6abccb520d9b.js","integrity":"sha256-FL6hwkGSCeMVOFX32s8fnVVm6ftpUqQi/dQdp7KrALA="},"en-SG":{"path":"sp-http-base_en-us_ac34f42e6abccb520d9b.js","integrity":"sha256-FL6hwkGSCeMVOFX32s8fnVVm6ftpUqQi/dQdp7KrALA="},"en-HK":{"path":"sp-http-base_en-us_ac34f42e6abccb520d9b.js","integrity":"sha256-FL6hwkGSCeMVOFX32s8fnVVm6ftpUqQi/dQdp7KrALA="},"en-MY":{"path":"sp-http-base_en-us_ac34f42e6abccb520d9b.js","integrity":"sha256-FL6hwkGSCeMVOFX32s8fnVVm6ftpUqQi/dQdp7KrALA="},"en-PH":{"path":"sp-http-base_en-us_ac34f42e6abccb520d9b.js","integrity":"sha256-FL6hwkGSCeMVOFX32s8fnVVm6ftpUqQi/dQdp7KrALA="},"en-TT":{"path":"sp-http-base_en-us_ac34f42e6abccb520d9b.js","integrity":"sha256-FL6hwkGSCeMVOFX32s8fnVVm6ftpUqQi/dQdp7KrALA="},"en-AZ":{"path":"sp-http-base_en-us_ac34f42e6abccb520d9b.js","integrity":"sha256-FL6hwkGSCeMVOFX32s8fnVVm6ftpUqQi/dQdp7KrALA="},"en-BH":{"path":"sp-http-base_en-us_ac34f42e6abccb520d9b.js","integrity":"sha256-FL6hwkGSCeMVOFX32s8fnVVm6ftpUqQi/dQdp7KrALA="},"en-BN":{"path":"sp-http-base_en-us_ac34f42e6abccb520d9b.js","integrity":"sha256-FL6hwkGSCeMVOFX32s8fnVVm6ftpUqQi/dQdp7KrALA="},"en-ID":{"path":"sp-http-base_en-us_ac34f42e6abccb520d9b.js","integrity":"sha256-FL6hwkGSCeMVOFX32s8fnVVm6ftpUqQi/dQdp7KrALA="},"mi":{"path":"sp-http-base_en-us_ac34f42e6abccb520d9b.js","integrity":"sha256-FL6hwkGSCeMVOFX32s8fnVVm6ftpUqQi/dQdp7KrALA="}},"defaultPath":{"path":"sp-http-base_default_ac34f42e6abccb520d9b.js","integrity":"sha256-p+Bge4yOIP8sbEkxRZaB+BMrvy8KzbTpHAfKlc893n8="}},"tslib":{"type":"component","id":"01c4df03-e775-48cb-aa14-171ee5199a15","version":"2.3.1"},"@ms/odsp-core-bundle":{"type":"component","id":"2e09fb9b-13bb-48f2-859f-97d6fff71176","version":"1.3.342"},"@microsoft/sp-core-library":{"type":"component","id":"7263c7d0-1d6a-45ec-8d85-d4d1d234171b","version":"1.18.2"},"@microsoft/sp-page-context":{"type":"component","id":"1c4541f7-5c31-41aa-9fa8-fbc9dc14c0a8","version":"1.18.2"},"@microsoft/sp-diagnostics":{"type":"component","id":"78359e4b-07c2-43c6-8d0b-d060b4d577e8","version":"1.18.2"}}}},{"id":"1c6c9123-7aac-41f3-a376-3caea41ed83f","alias":"SPLoader","componentType":"Library","version":"1.18.2","manifestVersion":2,"loaderConfig":{"internalModuleBaseUrls":["https://localhost:4321/node_modules/@microsoft/sp-loader/dist/","https://localhost:54321/dist/"],"entryModuleId":"sp-loader","scriptResources":{"sp-loader":{"type":"localizedPath","paths":{"default":{"path":"sp-loader_default_8a76721a7664b2c247f6.js","integrity":"sha256-M7owI5eF3Qrv+MQAPNCcZnkwR+L0z/DBNm7ZaX8l7o4="},"en-US":{"path":"sp-loader_en-us_8a76721a7664b2c247f6.js","integrity":"sha256-6MAwbmeJ5zeEMY+Ntg3fsbSHjJUk/ojr4d7WpSBCu2Y="},"qps-ploca":{"path":"sp-loader_qps-ploca_8a76721a7664b2c247f6.js","integrity":"sha256-C2OBrG/t0F4wBxm6GsIGkVmlMgDjKTiRdE8tW81wNlM="},"qps-ploc":{"path":"sp-loader_qps-ploc_8a76721a7664b2c247f6.js","integrity":"sha256-VofLbRSQ4aol1cihp9wDferSOwP6rpeWC0X+3kkeTtE="},"en-GB":{"path":"sp-loader_en-us_8a76721a7664b2c247f6.js","integrity":"sha256-6MAwbmeJ5zeEMY+Ntg3fsbSHjJUk/ojr4d7WpSBCu2Y="},"en-NZ":{"path":"sp-loader_en-us_8a76721a7664b2c247f6.js","integrity":"sha256-6MAwbmeJ5zeEMY+Ntg3fsbSHjJUk/ojr4d7WpSBCu2Y="},"en-IE":{"path":"sp-loader_en-us_8a76721a7664b2c247f6.js","integrity":"sha256-6MAwbmeJ5zeEMY+Ntg3fsbSHjJUk/ojr4d7WpSBCu2Y="},"en-AU":{"path":"sp-loader_en-us_8a76721a7664b2c247f6.js","integrity":"sha256-6MAwbmeJ5zeEMY+Ntg3fsbSHjJUk/ojr4d7WpSBCu2Y="},"bn":{"path":"sp-loader_en-us_8a76721a7664b2c247f6.js","integrity":"sha256-6MAwbmeJ5zeEMY+Ntg3fsbSHjJUk/ojr4d7WpSBCu2Y="},"chr":{"path":"sp-loader_en-us_8a76721a7664b2c247f6.js","integrity":"sha256-6MAwbmeJ5zeEMY+Ntg3fsbSHjJUk/ojr4d7WpSBCu2Y="},"dv":{"path":"sp-loader_en-us_8a76721a7664b2c247f6.js","integrity":"sha256-6MAwbmeJ5zeEMY+Ntg3fsbSHjJUk/ojr4d7WpSBCu2Y="},"div":{"path":"sp-loader_en-us_8a76721a7664b2c247f6.js","integrity":"sha256-6MAwbmeJ5zeEMY+Ntg3fsbSHjJUk/ojr4d7WpSBCu2Y="},"en":{"path":"sp-loader_en-us_8a76721a7664b2c247f6.js","integrity":"sha256-6MAwbmeJ5zeEMY+Ntg3fsbSHjJUk/ojr4d7WpSBCu2Y="},"fil":{"path":"sp-loader_en-us_8a76721a7664b2c247f6.js","integrity":"sha256-6MAwbmeJ5zeEMY+Ntg3fsbSHjJUk/ojr4d7WpSBCu2Y="},"haw":{"path":"sp-loader_en-us_8a76721a7664b2c247f6.js","integrity":"sha256-6MAwbmeJ5zeEMY+Ntg3fsbSHjJUk/ojr4d7WpSBCu2Y="},"iu":{"path":"sp-loader_en-us_8a76721a7664b2c247f6.js","integrity":"sha256-6MAwbmeJ5zeEMY+Ntg3fsbSHjJUk/ojr4d7WpSBCu2Y="},"lo":{"path":"sp-loader_en-us_8a76721a7664b2c247f6.js","integrity":"sha256-6MAwbmeJ5zeEMY+Ntg3fsbSHjJUk/ojr4d7WpSBCu2Y="},"moh":{"path":"sp-loader_en-us_8a76721a7664b2c247f6.js","integrity":"sha256-6MAwbmeJ5zeEMY+Ntg3fsbSHjJUk/ojr4d7WpSBCu2Y="},"sq":{"path":"sp-loader_en-us_8a76721a7664b2c247f6.js","integrity":"sha256-6MAwbmeJ5zeEMY+Ntg3fsbSHjJUk/ojr4d7WpSBCu2Y="},"am":{"path":"sp-loader_en-us_8a76721a7664b2c247f6.js","integrity":"sha256-6MAwbmeJ5zeEMY+Ntg3fsbSHjJUk/ojr4d7WpSBCu2Y="},"hy":{"path":"sp-loader_en-us_8a76721a7664b2c247f6.js","integrity":"sha256-6MAwbmeJ5zeEMY+Ntg3fsbSHjJUk/ojr4d7WpSBCu2Y="},"mk":{"path":"sp-loader_en-us_8a76721a7664b2c247f6.js","integrity":"sha256-6MAwbmeJ5zeEMY+Ntg3fsbSHjJUk/ojr4d7WpSBCu2Y="},"bs":{"path":"sp-loader_en-us_8a76721a7664b2c247f6.js","integrity":"sha256-6MAwbmeJ5zeEMY+Ntg3fsbSHjJUk/ojr4d7WpSBCu2Y="},"my":{"path":"sp-loader_en-us_8a76721a7664b2c247f6.js","integrity":"sha256-6MAwbmeJ5zeEMY+Ntg3fsbSHjJUk/ojr4d7WpSBCu2Y="},"dz":{"path":"sp-loader_en-us_8a76721a7664b2c247f6.js","integrity":"sha256-6MAwbmeJ5zeEMY+Ntg3fsbSHjJUk/ojr4d7WpSBCu2Y="},"en-CY":{"path":"sp-loader_en-us_8a76721a7664b2c247f6.js","integrity":"sha256-6MAwbmeJ5zeEMY+Ntg3fsbSHjJUk/ojr4d7WpSBCu2Y="},"en-EG":{"path":"sp-loader_en-us_8a76721a7664b2c247f6.js","integrity":"sha256-6MAwbmeJ5zeEMY+Ntg3fsbSHjJUk/ojr4d7WpSBCu2Y="},"en-IL":{"path":"sp-loader_en-us_8a76721a7664b2c247f6.js","integrity":"sha256-6MAwbmeJ5zeEMY+Ntg3fsbSHjJUk/ojr4d7WpSBCu2Y="},"en-IS":{"path":"sp-loader_en-us_8a76721a7664b2c247f6.js","integrity":"sha256-6MAwbmeJ5zeEMY+Ntg3fsbSHjJUk/ojr4d7WpSBCu2Y="},"en-JO":{"path":"sp-loader_en-us_8a76721a7664b2c247f6.js","integrity":"sha256-6MAwbmeJ5zeEMY+Ntg3fsbSHjJUk/ojr4d7WpSBCu2Y="},"en-KE":{"path":"sp-loader_en-us_8a76721a7664b2c247f6.js","integrity":"sha256-6MAwbmeJ5zeEMY+Ntg3fsbSHjJUk/ojr4d7WpSBCu2Y="},"en-KW":{"path":"sp-loader_en-us_8a76721a7664b2c247f6.js","integrity":"sha256-6MAwbmeJ5zeEMY+Ntg3fsbSHjJUk/ojr4d7WpSBCu2Y="},"en-MK":{"path":"sp-loader_en-us_8a76721a7664b2c247f6.js","integrity":"sha256-6MAwbmeJ5zeEMY+Ntg3fsbSHjJUk/ojr4d7WpSBCu2Y="},"en-MT":{"path":"sp-loader_en-us_8a76721a7664b2c247f6.js","integrity":"sha256-6MAwbmeJ5zeEMY+Ntg3fsbSHjJUk/ojr4d7WpSBCu2Y="},"en-PK":{"path":"sp-loader_en-us_8a76721a7664b2c247f6.js","integrity":"sha256-6MAwbmeJ5zeEMY+Ntg3fsbSHjJUk/ojr4d7WpSBCu2Y="},"en-QA":{"path":"sp-loader_en-us_8a76721a7664b2c247f6.js","integrity":"sha256-6MAwbmeJ5zeEMY+Ntg3fsbSHjJUk/ojr4d7WpSBCu2Y="},"en-SA":{"path":"sp-loader_en-us_8a76721a7664b2c247f6.js","integrity":"sha256-6MAwbmeJ5zeEMY+Ntg3fsbSHjJUk/ojr4d7WpSBCu2Y="},"en-LK":{"path":"sp-loader_en-us_8a76721a7664b2c247f6.js","integrity":"sha256-6MAwbmeJ5zeEMY+Ntg3fsbSHjJUk/ojr4d7WpSBCu2Y="},"en-AE":{"path":"sp-loader_en-us_8a76721a7664b2c247f6.js","integrity":"sha256-6MAwbmeJ5zeEMY+Ntg3fsbSHjJUk/ojr4d7WpSBCu2Y="},"en-VN":{"path":"sp-loader_en-us_8a76721a7664b2c247f6.js","integrity":"sha256-6MAwbmeJ5zeEMY+Ntg3fsbSHjJUk/ojr4d7WpSBCu2Y="},"is":{"path":"sp-loader_en-us_8a76721a7664b2c247f6.js","integrity":"sha256-6MAwbmeJ5zeEMY+Ntg3fsbSHjJUk/ojr4d7WpSBCu2Y="},"km":{"path":"sp-loader_en-us_8a76721a7664b2c247f6.js","integrity":"sha256-6MAwbmeJ5zeEMY+Ntg3fsbSHjJUk/ojr4d7WpSBCu2Y="},"kh":{"path":"sp-loader_en-us_8a76721a7664b2c247f6.js","integrity":"sha256-6MAwbmeJ5zeEMY+Ntg3fsbSHjJUk/ojr4d7WpSBCu2Y="},"mt":{"path":"sp-loader_en-us_8a76721a7664b2c247f6.js","integrity":"sha256-6MAwbmeJ5zeEMY+Ntg3fsbSHjJUk/ojr4d7WpSBCu2Y="},"fa":{"path":"sp-loader_en-us_8a76721a7664b2c247f6.js","integrity":"sha256-6MAwbmeJ5zeEMY+Ntg3fsbSHjJUk/ojr4d7WpSBCu2Y="},"gd":{"path":"sp-loader_en-us_8a76721a7664b2c247f6.js","integrity":"sha256-6MAwbmeJ5zeEMY+Ntg3fsbSHjJUk/ojr4d7WpSBCu2Y="},"sr-Cyrl-BA":{"path":"sp-loader_en-us_8a76721a7664b2c247f6.js","integrity":"sha256-6MAwbmeJ5zeEMY+Ntg3fsbSHjJUk/ojr4d7WpSBCu2Y="},"sr-Latn-BA":{"path":"sp-loader_en-us_8a76721a7664b2c247f6.js","integrity":"sha256-6MAwbmeJ5zeEMY+Ntg3fsbSHjJUk/ojr4d7WpSBCu2Y="},"sd":{"path":"sp-loader_en-us_8a76721a7664b2c247f6.js","integrity":"sha256-6MAwbmeJ5zeEMY+Ntg3fsbSHjJUk/ojr4d7WpSBCu2Y="},"si":{"path":"sp-loader_en-us_8a76721a7664b2c247f6.js","integrity":"sha256-6MAwbmeJ5zeEMY+Ntg3fsbSHjJUk/ojr4d7WpSBCu2Y="},"so":{"path":"sp-loader_en-us_8a76721a7664b2c247f6.js","integrity":"sha256-6MAwbmeJ5zeEMY+Ntg3fsbSHjJUk/ojr4d7WpSBCu2Y="},"ti-ET":{"path":"sp-loader_en-us_8a76721a7664b2c247f6.js","integrity":"sha256-6MAwbmeJ5zeEMY+Ntg3fsbSHjJUk/ojr4d7WpSBCu2Y="},"uz":{"path":"sp-loader_en-us_8a76721a7664b2c247f6.js","integrity":"sha256-6MAwbmeJ5zeEMY+Ntg3fsbSHjJUk/ojr4d7WpSBCu2Y="},"en-SG":{"path":"sp-loader_en-us_8a76721a7664b2c247f6.js","integrity":"sha256-6MAwbmeJ5zeEMY+Ntg3fsbSHjJUk/ojr4d7WpSBCu2Y="},"en-HK":{"path":"sp-loader_en-us_8a76721a7664b2c247f6.js","integrity":"sha256-6MAwbmeJ5zeEMY+Ntg3fsbSHjJUk/ojr4d7WpSBCu2Y="},"en-MY":{"path":"sp-loader_en-us_8a76721a7664b2c247f6.js","integrity":"sha256-6MAwbmeJ5zeEMY+Ntg3fsbSHjJUk/ojr4d7WpSBCu2Y="},"en-PH":{"path":"sp-loader_en-us_8a76721a7664b2c247f6.js","integrity":"sha256-6MAwbmeJ5zeEMY+Ntg3fsbSHjJUk/ojr4d7WpSBCu2Y="},"en-TT":{"path":"sp-loader_en-us_8a76721a7664b2c247f6.js","integrity":"sha256-6MAwbmeJ5zeEMY+Ntg3fsbSHjJUk/ojr4d7WpSBCu2Y="},"en-AZ":{"path":"sp-loader_en-us_8a76721a7664b2c247f6.js","integrity":"sha256-6MAwbmeJ5zeEMY+Ntg3fsbSHjJUk/ojr4d7WpSBCu2Y="},"en-BH":{"path":"sp-loader_en-us_8a76721a7664b2c247f6.js","integrity":"sha256-6MAwbmeJ5zeEMY+Ntg3fsbSHjJUk/ojr4d7WpSBCu2Y="},"en-BN":{"path":"sp-loader_en-us_8a76721a7664b2c247f6.js","integrity":"sha256-6MAwbmeJ5zeEMY+Ntg3fsbSHjJUk/ojr4d7WpSBCu2Y="},"en-ID":{"path":"sp-loader_en-us_8a76721a7664b2c247f6.js","integrity":"sha256-6MAwbmeJ5zeEMY+Ntg3fsbSHjJUk/ojr4d7WpSBCu2Y="},"mi":{"path":"sp-loader_en-us_8a76721a7664b2c247f6.js","integrity":"sha256-6MAwbmeJ5zeEMY+Ntg3fsbSHjJUk/ojr4d7WpSBCu2Y="}},"defaultPath":{"path":"sp-loader_default_8a76721a7664b2c247f6.js","integrity":"sha256-M7owI5eF3Qrv+MQAPNCcZnkwR+L0z/DBNm7ZaX8l7o4="}},"tslib":{"type":"component","id":"01c4df03-e775-48cb-aa14-171ee5199a15","version":"2.3.1"},"@microsoft/sp-http-base":{"type":"component","id":"8496636c-2300-4915-abef-20de64c98d8b","version":"1.18.2"},"@ms/sp-telemetry":{"type":"component","id":"8217e442-8ed3-41fd-957d-b112e841286a","version":"0.31.35"},"@microsoft/sp-dynamic-data":{"type":"component","id":"e40f8203-b39d-425a-a957-714852e33b79","version":"1.18.2"},"@microsoft/sp-lodash-subset":{"type":"component","id":"73e1dc6c-8441-42cc-ad47-4bd3659f8a3a","version":"1.18.2"},"@microsoft/sp-core-library":{"type":"component","id":"7263c7d0-1d6a-45ec-8d85-d4d1d234171b","version":"1.18.2"},"@microsoft/sp-page-context":{"type":"component","id":"1c4541f7-5c31-41aa-9fa8-fbc9dc14c0a8","version":"1.18.2"},"@microsoft/load-themed-styles":{"type":"component","id":"229b8d08-79f3-438b-8c21-4613fc877abd","version":"0.1.2"},"@microsoft/sp-diagnostics":{"type":"component","id":"78359e4b-07c2-43c6-8d0b-d060b4d577e8","version":"1.18.2"}}}},{"manifestVersion":2,"componentType":"Library","id":"44bae1a2-d2eb-4e10-8c21-a1dbdce1036f","alias":"sp-loader-assembly","isInternal":true,"version":"1.0.0","rootComponentId":"1c6c9123-7aac-41f3-a376-3caea41ed83f","requiresCustomScript":false,"loaderConfig":{"internalModuleBaseUrls":["https://localhost:4321/node_modules/@microsoft/sp-loader/dist/"],"entryModuleId":"sp-loader-assembly","scriptResources":{"sp-loader-assembly":{"type":"localizedPath","paths":{"default":"sp-loader-assembly_default.js","en-US":"sp-loader-assembly_en-us.js","qps-ploca":"sp-loader-assembly_qps-ploca.js","qps-ploc":"sp-loader-assembly_qps-ploc.js","en-GB":"sp-loader-assembly_en-us.js","en-NZ":"sp-loader-assembly_en-us.js","en-IE":"sp-loader-assembly_en-us.js","en-AU":"sp-loader-assembly_en-us.js","bn":"sp-loader-assembly_en-us.js","chr":"sp-loader-assembly_en-us.js","dv":"sp-loader-assembly_en-us.js","div":"sp-loader-assembly_en-us.js","en":"sp-loader-assembly_en-us.js","fil":"sp-loader-assembly_en-us.js","haw":"sp-loader-assembly_en-us.js","iu":"sp-loader-assembly_en-us.js","lo":"sp-loader-assembly_en-us.js","moh":"sp-loader-assembly_en-us.js","sq":"sp-loader-assembly_en-us.js","am":"sp-loader-assembly_en-us.js","hy":"sp-loader-assembly_en-us.js","mk":"sp-loader-assembly_en-us.js","bs":"sp-loader-assembly_en-us.js","my":"sp-loader-assembly_en-us.js","dz":"sp-loader-assembly_en-us.js","en-CY":"sp-loader-assembly_en-us.js","en-EG":"sp-loader-assembly_en-us.js","en-IL":"sp-loader-assembly_en-us.js","en-IS":"sp-loader-assembly_en-us.js","en-JO":"sp-loader-assembly_en-us.js","en-KE":"sp-loader-assembly_en-us.js","en-KW":"sp-loader-assembly_en-us.js","en-MK":"sp-loader-assembly_en-us.js","en-MT":"sp-loader-assembly_en-us.js","en-PK":"sp-loader-assembly_en-us.js","en-QA":"sp-loader-assembly_en-us.js","en-SA":"sp-loader-assembly_en-us.js","en-LK":"sp-loader-assembly_en-us.js","en-AE":"sp-loader-assembly_en-us.js","en-VN":"sp-loader-assembly_en-us.js","is":"sp-loader-assembly_en-us.js","km":"sp-loader-assembly_en-us.js","kh":"sp-loader-assembly_en-us.js","mt":"sp-loader-assembly_en-us.js","fa":"sp-loader-assembly_en-us.js","gd":"sp-loader-assembly_en-us.js","sr-Cyrl-BA":"sp-loader-assembly_en-us.js","sr-Latn-BA":"sp-loader-assembly_en-us.js","sd":"sp-loader-assembly_en-us.js","si":"sp-loader-assembly_en-us.js","so":"sp-loader-assembly_en-us.js","ti-ET":"sp-loader-assembly_en-us.js","uz":"sp-loader-assembly_en-us.js","en-SG":"sp-loader-assembly_en-us.js","en-HK":"sp-loader-assembly_en-us.js","en-MY":"sp-loader-assembly_en-us.js","en-PH":"sp-loader-assembly_en-us.js","en-TT":"sp-loader-assembly_en-us.js","en-AZ":"sp-loader-assembly_en-us.js","en-BH":"sp-loader-assembly_en-us.js","en-BN":"sp-loader-assembly_en-us.js","en-ID":"sp-loader-assembly_en-us.js","mi":"sp-loader-assembly_en-us.js"},"defaultPath":"sp-loader-assembly_default.js"}}}},{"manifestVersion":2,"id":"aec2bbfd-a968-4d5b-a279-12e570f378e6","alias":"@microsoft/sp-http-msgraph","componentType":"Library","version":"1.18.2","loaderConfig":{"internalModuleBaseUrls":["https://localhost:4321/node_modules/@microsoft/sp-http-msgraph/dist/","https://localhost:4321/dist/"],"entryModuleId":"sp-http-msgraph","scriptResources":{"sp-http-msgraph":{"type":"localizedPath","paths":{"default":{"path":"sp-http-msgraph_default_8066d830010179126754.js","integrity":"sha256-yXTfM77tFg9z9cZXOIivWauOtgTIKtfHuq+bJjQ21dU="},"en-US":{"path":"sp-http-msgraph_en-us_8066d830010179126754.js","integrity":"sha256-0NiOua7CG4lYY/Tf6Glp5FHzaGxw3vnSxhypsgCYq4o="},"qps-ploca":{"path":"sp-http-msgraph_qps-ploca_8066d830010179126754.js","integrity":"sha256-RlarkXKDd0Mc8P7+NMPXzDR9eM5DcL7eJozILy1nyIg="},"qps-ploc":{"path":"sp-http-msgraph_qps-ploc_8066d830010179126754.js","integrity":"sha256-6PZTXmVfKlB5X0Ezuw5ptMV/BujxA2OBdWEHGiUxK1Q="},"en-GB":{"path":"sp-http-msgraph_en-us_8066d830010179126754.js","integrity":"sha256-0NiOua7CG4lYY/Tf6Glp5FHzaGxw3vnSxhypsgCYq4o="},"en-NZ":{"path":"sp-http-msgraph_en-us_8066d830010179126754.js","integrity":"sha256-0NiOua7CG4lYY/Tf6Glp5FHzaGxw3vnSxhypsgCYq4o="},"en-IE":{"path":"sp-http-msgraph_en-us_8066d830010179126754.js","integrity":"sha256-0NiOua7CG4lYY/Tf6Glp5FHzaGxw3vnSxhypsgCYq4o="},"en-AU":{"path":"sp-http-msgraph_en-us_8066d830010179126754.js","integrity":"sha256-0NiOua7CG4lYY/Tf6Glp5FHzaGxw3vnSxhypsgCYq4o="},"bn":{"path":"sp-http-msgraph_en-us_8066d830010179126754.js","integrity":"sha256-0NiOua7CG4lYY/Tf6Glp5FHzaGxw3vnSxhypsgCYq4o="},"chr":{"path":"sp-http-msgraph_en-us_8066d830010179126754.js","integrity":"sha256-0NiOua7CG4lYY/Tf6Glp5FHzaGxw3vnSxhypsgCYq4o="},"dv":{"path":"sp-http-msgraph_en-us_8066d830010179126754.js","integrity":"sha256-0NiOua7CG4lYY/Tf6Glp5FHzaGxw3vnSxhypsgCYq4o="},"div":{"path":"sp-http-msgraph_en-us_8066d830010179126754.js","integrity":"sha256-0NiOua7CG4lYY/Tf6Glp5FHzaGxw3vnSxhypsgCYq4o="},"en":{"path":"sp-http-msgraph_en-us_8066d830010179126754.js","integrity":"sha256-0NiOua7CG4lYY/Tf6Glp5FHzaGxw3vnSxhypsgCYq4o="},"fil":{"path":"sp-http-msgraph_en-us_8066d830010179126754.js","integrity":"sha256-0NiOua7CG4lYY/Tf6Glp5FHzaGxw3vnSxhypsgCYq4o="},"haw":{"path":"sp-http-msgraph_en-us_8066d830010179126754.js","integrity":"sha256-0NiOua7CG4lYY/Tf6Glp5FHzaGxw3vnSxhypsgCYq4o="},"iu":{"path":"sp-http-msgraph_en-us_8066d830010179126754.js","integrity":"sha256-0NiOua7CG4lYY/Tf6Glp5FHzaGxw3vnSxhypsgCYq4o="},"lo":{"path":"sp-http-msgraph_en-us_8066d830010179126754.js","integrity":"sha256-0NiOua7CG4lYY/Tf6Glp5FHzaGxw3vnSxhypsgCYq4o="},"moh":{"path":"sp-http-msgraph_en-us_8066d830010179126754.js","integrity":"sha256-0NiOua7CG4lYY/Tf6Glp5FHzaGxw3vnSxhypsgCYq4o="},"sq":{"path":"sp-http-msgraph_en-us_8066d830010179126754.js","integrity":"sha256-0NiOua7CG4lYY/Tf6Glp5FHzaGxw3vnSxhypsgCYq4o="},"am":{"path":"sp-http-msgraph_en-us_8066d830010179126754.js","integrity":"sha256-0NiOua7CG4lYY/Tf6Glp5FHzaGxw3vnSxhypsgCYq4o="},"hy":{"path":"sp-http-msgraph_en-us_8066d830010179126754.js","integrity":"sha256-0NiOua7CG4lYY/Tf6Glp5FHzaGxw3vnSxhypsgCYq4o="},"mk":{"path":"sp-http-msgraph_en-us_8066d830010179126754.js","integrity":"sha256-0NiOua7CG4lYY/Tf6Glp5FHzaGxw3vnSxhypsgCYq4o="},"bs":{"path":"sp-http-msgraph_en-us_8066d830010179126754.js","integrity":"sha256-0NiOua7CG4lYY/Tf6Glp5FHzaGxw3vnSxhypsgCYq4o="},"my":{"path":"sp-http-msgraph_en-us_8066d830010179126754.js","integrity":"sha256-0NiOua7CG4lYY/Tf6Glp5FHzaGxw3vnSxhypsgCYq4o="},"dz":{"path":"sp-http-msgraph_en-us_8066d830010179126754.js","integrity":"sha256-0NiOua7CG4lYY/Tf6Glp5FHzaGxw3vnSxhypsgCYq4o="},"en-CY":{"path":"sp-http-msgraph_en-us_8066d830010179126754.js","integrity":"sha256-0NiOua7CG4lYY/Tf6Glp5FHzaGxw3vnSxhypsgCYq4o="},"en-EG":{"path":"sp-http-msgraph_en-us_8066d830010179126754.js","integrity":"sha256-0NiOua7CG4lYY/Tf6Glp5FHzaGxw3vnSxhypsgCYq4o="},"en-IL":{"path":"sp-http-msgraph_en-us_8066d830010179126754.js","integrity":"sha256-0NiOua7CG4lYY/Tf6Glp5FHzaGxw3vnSxhypsgCYq4o="},"en-IS":{"path":"sp-http-msgraph_en-us_8066d830010179126754.js","integrity":"sha256-0NiOua7CG4lYY/Tf6Glp5FHzaGxw3vnSxhypsgCYq4o="},"en-JO":{"path":"sp-http-msgraph_en-us_8066d830010179126754.js","integrity":"sha256-0NiOua7CG4lYY/Tf6Glp5FHzaGxw3vnSxhypsgCYq4o="},"en-KE":{"path":"sp-http-msgraph_en-us_8066d830010179126754.js","integrity":"sha256-0NiOua7CG4lYY/Tf6Glp5FHzaGxw3vnSxhypsgCYq4o="},"en-KW":{"path":"sp-http-msgraph_en-us_8066d830010179126754.js","integrity":"sha256-0NiOua7CG4lYY/Tf6Glp5FHzaGxw3vnSxhypsgCYq4o="},"en-MK":{"path":"sp-http-msgraph_en-us_8066d830010179126754.js","integrity":"sha256-0NiOua7CG4lYY/Tf6Glp5FHzaGxw3vnSxhypsgCYq4o="},"en-MT":{"path":"sp-http-msgraph_en-us_8066d830010179126754.js","integrity":"sha256-0NiOua7CG4lYY/Tf6Glp5FHzaGxw3vnSxhypsgCYq4o="},"en-PK":{"path":"sp-http-msgraph_en-us_8066d830010179126754.js","integrity":"sha256-0NiOua7CG4lYY/Tf6Glp5FHzaGxw3vnSxhypsgCYq4o="},"en-QA":{"path":"sp-http-msgraph_en-us_8066d830010179126754.js","integrity":"sha256-0NiOua7CG4lYY/Tf6Glp5FHzaGxw3vnSxhypsgCYq4o="},"en-SA":{"path":"sp-http-msgraph_en-us_8066d830010179126754.js","integrity":"sha256-0NiOua7CG4lYY/Tf6Glp5FHzaGxw3vnSxhypsgCYq4o="},"en-LK":{"path":"sp-http-msgraph_en-us_8066d830010179126754.js","integrity":"sha256-0NiOua7CG4lYY/Tf6Glp5FHzaGxw3vnSxhypsgCYq4o="},"en-AE":{"path":"sp-http-msgraph_en-us_8066d830010179126754.js","integrity":"sha256-0NiOua7CG4lYY/Tf6Glp5FHzaGxw3vnSxhypsgCYq4o="},"en-VN":{"path":"sp-http-msgraph_en-us_8066d830010179126754.js","integrity":"sha256-0NiOua7CG4lYY/Tf6Glp5FHzaGxw3vnSxhypsgCYq4o="},"is":{"path":"sp-http-msgraph_en-us_8066d830010179126754.js","integrity":"sha256-0NiOua7CG4lYY/Tf6Glp5FHzaGxw3vnSxhypsgCYq4o="},"km":{"path":"sp-http-msgraph_en-us_8066d830010179126754.js","integrity":"sha256-0NiOua7CG4lYY/Tf6Glp5FHzaGxw3vnSxhypsgCYq4o="},"kh":{"path":"sp-http-msgraph_en-us_8066d830010179126754.js","integrity":"sha256-0NiOua7CG4lYY/Tf6Glp5FHzaGxw3vnSxhypsgCYq4o="},"mt":{"path":"sp-http-msgraph_en-us_8066d830010179126754.js","integrity":"sha256-0NiOua7CG4lYY/Tf6Glp5FHzaGxw3vnSxhypsgCYq4o="},"fa":{"path":"sp-http-msgraph_en-us_8066d830010179126754.js","integrity":"sha256-0NiOua7CG4lYY/Tf6Glp5FHzaGxw3vnSxhypsgCYq4o="},"gd":{"path":"sp-http-msgraph_en-us_8066d830010179126754.js","integrity":"sha256-0NiOua7CG4lYY/Tf6Glp5FHzaGxw3vnSxhypsgCYq4o="},"sr-Cyrl-BA":{"path":"sp-http-msgraph_en-us_8066d830010179126754.js","integrity":"sha256-0NiOua7CG4lYY/Tf6Glp5FHzaGxw3vnSxhypsgCYq4o="},"sr-Latn-BA":{"path":"sp-http-msgraph_en-us_8066d830010179126754.js","integrity":"sha256-0NiOua7CG4lYY/Tf6Glp5FHzaGxw3vnSxhypsgCYq4o="},"sd":{"path":"sp-http-msgraph_en-us_8066d830010179126754.js","integrity":"sha256-0NiOua7CG4lYY/Tf6Glp5FHzaGxw3vnSxhypsgCYq4o="},"si":{"path":"sp-http-msgraph_en-us_8066d830010179126754.js","integrity":"sha256-0NiOua7CG4lYY/Tf6Glp5FHzaGxw3vnSxhypsgCYq4o="},"so":{"path":"sp-http-msgraph_en-us_8066d830010179126754.js","integrity":"sha256-0NiOua7CG4lYY/Tf6Glp5FHzaGxw3vnSxhypsgCYq4o="},"ti-ET":{"path":"sp-http-msgraph_en-us_8066d830010179126754.js","integrity":"sha256-0NiOua7CG4lYY/Tf6Glp5FHzaGxw3vnSxhypsgCYq4o="},"uz":{"path":"sp-http-msgraph_en-us_8066d830010179126754.js","integrity":"sha256-0NiOua7CG4lYY/Tf6Glp5FHzaGxw3vnSxhypsgCYq4o="},"en-SG":{"path":"sp-http-msgraph_en-us_8066d830010179126754.js","integrity":"sha256-0NiOua7CG4lYY/Tf6Glp5FHzaGxw3vnSxhypsgCYq4o="},"en-HK":{"path":"sp-http-msgraph_en-us_8066d830010179126754.js","integrity":"sha256-0NiOua7CG4lYY/Tf6Glp5FHzaGxw3vnSxhypsgCYq4o="},"en-MY":{"path":"sp-http-msgraph_en-us_8066d830010179126754.js","integrity":"sha256-0NiOua7CG4lYY/Tf6Glp5FHzaGxw3vnSxhypsgCYq4o="},"en-PH":{"path":"sp-http-msgraph_en-us_8066d830010179126754.js","integrity":"sha256-0NiOua7CG4lYY/Tf6Glp5FHzaGxw3vnSxhypsgCYq4o="},"en-TT":{"path":"sp-http-msgraph_en-us_8066d830010179126754.js","integrity":"sha256-0NiOua7CG4lYY/Tf6Glp5FHzaGxw3vnSxhypsgCYq4o="},"en-AZ":{"path":"sp-http-msgraph_en-us_8066d830010179126754.js","integrity":"sha256-0NiOua7CG4lYY/Tf6Glp5FHzaGxw3vnSxhypsgCYq4o="},"en-BH":{"path":"sp-http-msgraph_en-us_8066d830010179126754.js","integrity":"sha256-0NiOua7CG4lYY/Tf6Glp5FHzaGxw3vnSxhypsgCYq4o="},"en-BN":{"path":"sp-http-msgraph_en-us_8066d830010179126754.js","integrity":"sha256-0NiOua7CG4lYY/Tf6Glp5FHzaGxw3vnSxhypsgCYq4o="},"en-ID":{"path":"sp-http-msgraph_en-us_8066d830010179126754.js","integrity":"sha256-0NiOua7CG4lYY/Tf6Glp5FHzaGxw3vnSxhypsgCYq4o="},"mi":{"path":"sp-http-msgraph_en-us_8066d830010179126754.js","integrity":"sha256-0NiOua7CG4lYY/Tf6Glp5FHzaGxw3vnSxhypsgCYq4o="}},"defaultPath":{"path":"sp-http-msgraph_default_8066d830010179126754.js","integrity":"sha256-yXTfM77tFg9z9cZXOIivWauOtgTIKtfHuq+bJjQ21dU="}},"tslib":{"type":"component","id":"01c4df03-e775-48cb-aa14-171ee5199a15","version":"2.3.1"},"@microsoft/sp-http-base":{"type":"component","id":"8496636c-2300-4915-abef-20de64c98d8b","version":"1.18.2"},"@microsoft/sp-loader":{"type":"component","id":"1c6c9123-7aac-41f3-a376-3caea41ed83f","version":"1.18.2"},"@microsoft/sp-core-library":{"type":"component","id":"7263c7d0-1d6a-45ec-8d85-d4d1d234171b","version":"1.18.2"},"@microsoft/sp-diagnostics":{"type":"component","id":"78359e4b-07c2-43c6-8d0b-d060b4d577e8","version":"1.18.2"}}}},{"id":"c07208f0-ea3b-4c1a-9965-ac1b825211a6","alias":"SPHttp","componentType":"Library","version":"1.18.2","manifestVersion":2,"preloadComponents":[],"loaderConfig":{"internalModuleBaseUrls":["https://localhost:4321/node_modules/@microsoft/sp-http/dist/","https://localhost:4321/dist/"],"entryModuleId":"sp-http","scriptResources":{"sp-http":{"type":"path","path":{"path":"sp-http_none_bbb0a746569c3261d4d9.js","integrity":"sha256-gdjZ5QgZYw3ZEAn/09FhQ3xCIznhcla91M0pskUDCOA="}},"tslib":{"type":"component","id":"01c4df03-e775-48cb-aa14-171ee5199a15","version":"2.3.1"},"@microsoft/sp-http-base":{"type":"component","id":"8496636c-2300-4915-abef-20de64c98d8b","version":"1.18.2"},"@microsoft/sp-http-msgraph":{"type":"component","id":"aec2bbfd-a968-4d5b-a279-12e570f378e6","version":"1.18.2"},"@microsoft/sp-core-library":{"type":"component","id":"7263c7d0-1d6a-45ec-8d85-d4d1d234171b","version":"1.18.2"},"@microsoft/sp-diagnostics":{"type":"component","id":"78359e4b-07c2-43c6-8d0b-d060b4d577e8","version":"1.18.2"}}}},{"id":"467dc675-7cc5-4709-8aac-78e3b71bd2f6","alias":"SPComponentBase","componentType":"Library","version":"1.18.2","manifestVersion":2,"loaderConfig":{"internalModuleBaseUrls":["https://localhost:4321/node_modules/@microsoft/sp-component-base/dist/","https://localhost:4321/dist/"],"entryModuleId":"sp-component-base","scriptResources":{"sp-component-base":{"type":"localizedPath","paths":{"default":{"path":"sp-component-base_default_5a92659f8b74b60f46e7.js","integrity":"sha256-lkaI6LcJYDFSTgAs+NFJkbPDjFlmls2KtUy6aJpu3uU="},"en-US":{"path":"sp-component-base_en-us_5a92659f8b74b60f46e7.js","integrity":"sha256-dGwuz2DN6XfuCxPa4vbMTxltr9L9fS4pKDMcMzgzzsc="},"qps-ploca":{"path":"sp-component-base_qps-ploca_5a92659f8b74b60f46e7.js","integrity":"sha256-ZmIU/nHvoImA4MHp4wGa5UQOsh6XLNR5n6ubNm9Zyr8="},"qps-ploc":{"path":"sp-component-base_qps-ploc_5a92659f8b74b60f46e7.js","integrity":"sha256-dylzehwJQbXu/xfQeXyMZ+OgLQunRz/Olj2t0viWLYw="},"en-GB":{"path":"sp-component-base_en-us_5a92659f8b74b60f46e7.js","integrity":"sha256-dGwuz2DN6XfuCxPa4vbMTxltr9L9fS4pKDMcMzgzzsc="},"en-NZ":{"path":"sp-component-base_en-us_5a92659f8b74b60f46e7.js","integrity":"sha256-dGwuz2DN6XfuCxPa4vbMTxltr9L9fS4pKDMcMzgzzsc="},"en-IE":{"path":"sp-component-base_en-us_5a92659f8b74b60f46e7.js","integrity":"sha256-dGwuz2DN6XfuCxPa4vbMTxltr9L9fS4pKDMcMzgzzsc="},"en-AU":{"path":"sp-component-base_en-us_5a92659f8b74b60f46e7.js","integrity":"sha256-dGwuz2DN6XfuCxPa4vbMTxltr9L9fS4pKDMcMzgzzsc="},"bn":{"path":"sp-component-base_en-us_5a92659f8b74b60f46e7.js","integrity":"sha256-dGwuz2DN6XfuCxPa4vbMTxltr9L9fS4pKDMcMzgzzsc="},"chr":{"path":"sp-component-base_en-us_5a92659f8b74b60f46e7.js","integrity":"sha256-dGwuz2DN6XfuCxPa4vbMTxltr9L9fS4pKDMcMzgzzsc="},"dv":{"path":"sp-component-base_en-us_5a92659f8b74b60f46e7.js","integrity":"sha256-dGwuz2DN6XfuCxPa4vbMTxltr9L9fS4pKDMcMzgzzsc="},"div":{"path":"sp-component-base_en-us_5a92659f8b74b60f46e7.js","integrity":"sha256-dGwuz2DN6XfuCxPa4vbMTxltr9L9fS4pKDMcMzgzzsc="},"en":{"path":"sp-component-base_en-us_5a92659f8b74b60f46e7.js","integrity":"sha256-dGwuz2DN6XfuCxPa4vbMTxltr9L9fS4pKDMcMzgzzsc="},"fil":{"path":"sp-component-base_en-us_5a92659f8b74b60f46e7.js","integrity":"sha256-dGwuz2DN6XfuCxPa4vbMTxltr9L9fS4pKDMcMzgzzsc="},"haw":{"path":"sp-component-base_en-us_5a92659f8b74b60f46e7.js","integrity":"sha256-dGwuz2DN6XfuCxPa4vbMTxltr9L9fS4pKDMcMzgzzsc="},"iu":{"path":"sp-component-base_en-us_5a92659f8b74b60f46e7.js","integrity":"sha256-dGwuz2DN6XfuCxPa4vbMTxltr9L9fS4pKDMcMzgzzsc="},"lo":{"path":"sp-component-base_en-us_5a92659f8b74b60f46e7.js","integrity":"sha256-dGwuz2DN6XfuCxPa4vbMTxltr9L9fS4pKDMcMzgzzsc="},"moh":{"path":"sp-component-base_en-us_5a92659f8b74b60f46e7.js","integrity":"sha256-dGwuz2DN6XfuCxPa4vbMTxltr9L9fS4pKDMcMzgzzsc="},"sq":{"path":"sp-component-base_en-us_5a92659f8b74b60f46e7.js","integrity":"sha256-dGwuz2DN6XfuCxPa4vbMTxltr9L9fS4pKDMcMzgzzsc="},"am":{"path":"sp-component-base_en-us_5a92659f8b74b60f46e7.js","integrity":"sha256-dGwuz2DN6XfuCxPa4vbMTxltr9L9fS4pKDMcMzgzzsc="},"hy":{"path":"sp-component-base_en-us_5a92659f8b74b60f46e7.js","integrity":"sha256-dGwuz2DN6XfuCxPa4vbMTxltr9L9fS4pKDMcMzgzzsc="},"mk":{"path":"sp-component-base_en-us_5a92659f8b74b60f46e7.js","integrity":"sha256-dGwuz2DN6XfuCxPa4vbMTxltr9L9fS4pKDMcMzgzzsc="},"bs":{"path":"sp-component-base_en-us_5a92659f8b74b60f46e7.js","integrity":"sha256-dGwuz2DN6XfuCxPa4vbMTxltr9L9fS4pKDMcMzgzzsc="},"my":{"path":"sp-component-base_en-us_5a92659f8b74b60f46e7.js","integrity":"sha256-dGwuz2DN6XfuCxPa4vbMTxltr9L9fS4pKDMcMzgzzsc="},"dz":{"path":"sp-component-base_en-us_5a92659f8b74b60f46e7.js","integrity":"sha256-dGwuz2DN6XfuCxPa4vbMTxltr9L9fS4pKDMcMzgzzsc="},"en-CY":{"path":"sp-component-base_en-us_5a92659f8b74b60f46e7.js","integrity":"sha256-dGwuz2DN6XfuCxPa4vbMTxltr9L9fS4pKDMcMzgzzsc="},"en-EG":{"path":"sp-component-base_en-us_5a92659f8b74b60f46e7.js","integrity":"sha256-dGwuz2DN6XfuCxPa4vbMTxltr9L9fS4pKDMcMzgzzsc="},"en-IL":{"path":"sp-component-base_en-us_5a92659f8b74b60f46e7.js","integrity":"sha256-dGwuz2DN6XfuCxPa4vbMTxltr9L9fS4pKDMcMzgzzsc="},"en-IS":{"path":"sp-component-base_en-us_5a92659f8b74b60f46e7.js","integrity":"sha256-dGwuz2DN6XfuCxPa4vbMTxltr9L9fS4pKDMcMzgzzsc="},"en-JO":{"path":"sp-component-base_en-us_5a92659f8b74b60f46e7.js","integrity":"sha256-dGwuz2DN6XfuCxPa4vbMTxltr9L9fS4pKDMcMzgzzsc="},"en-KE":{"path":"sp-component-base_en-us_5a92659f8b74b60f46e7.js","integrity":"sha256-dGwuz2DN6XfuCxPa4vbMTxltr9L9fS4pKDMcMzgzzsc="},"en-KW":{"path":"sp-component-base_en-us_5a92659f8b74b60f46e7.js","integrity":"sha256-dGwuz2DN6XfuCxPa4vbMTxltr9L9fS4pKDMcMzgzzsc="},"en-MK":{"path":"sp-component-base_en-us_5a92659f8b74b60f46e7.js","integrity":"sha256-dGwuz2DN6XfuCxPa4vbMTxltr9L9fS4pKDMcMzgzzsc="},"en-MT":{"path":"sp-component-base_en-us_5a92659f8b74b60f46e7.js","integrity":"sha256-dGwuz2DN6XfuCxPa4vbMTxltr9L9fS4pKDMcMzgzzsc="},"en-PK":{"path":"sp-component-base_en-us_5a92659f8b74b60f46e7.js","integrity":"sha256-dGwuz2DN6XfuCxPa4vbMTxltr9L9fS4pKDMcMzgzzsc="},"en-QA":{"path":"sp-component-base_en-us_5a92659f8b74b60f46e7.js","integrity":"sha256-dGwuz2DN6XfuCxPa4vbMTxltr9L9fS4pKDMcMzgzzsc="},"en-SA":{"path":"sp-component-base_en-us_5a92659f8b74b60f46e7.js","integrity":"sha256-dGwuz2DN6XfuCxPa4vbMTxltr9L9fS4pKDMcMzgzzsc="},"en-LK":{"path":"sp-component-base_en-us_5a92659f8b74b60f46e7.js","integrity":"sha256-dGwuz2DN6XfuCxPa4vbMTxltr9L9fS4pKDMcMzgzzsc="},"en-AE":{"path":"sp-component-base_en-us_5a92659f8b74b60f46e7.js","integrity":"sha256-dGwuz2DN6XfuCxPa4vbMTxltr9L9fS4pKDMcMzgzzsc="},"en-VN":{"path":"sp-component-base_en-us_5a92659f8b74b60f46e7.js","integrity":"sha256-dGwuz2DN6XfuCxPa4vbMTxltr9L9fS4pKDMcMzgzzsc="},"is":{"path":"sp-component-base_en-us_5a92659f8b74b60f46e7.js","integrity":"sha256-dGwuz2DN6XfuCxPa4vbMTxltr9L9fS4pKDMcMzgzzsc="},"km":{"path":"sp-component-base_en-us_5a92659f8b74b60f46e7.js","integrity":"sha256-dGwuz2DN6XfuCxPa4vbMTxltr9L9fS4pKDMcMzgzzsc="},"kh":{"path":"sp-component-base_en-us_5a92659f8b74b60f46e7.js","integrity":"sha256-dGwuz2DN6XfuCxPa4vbMTxltr9L9fS4pKDMcMzgzzsc="},"mt":{"path":"sp-component-base_en-us_5a92659f8b74b60f46e7.js","integrity":"sha256-dGwuz2DN6XfuCxPa4vbMTxltr9L9fS4pKDMcMzgzzsc="},"fa":{"path":"sp-component-base_en-us_5a92659f8b74b60f46e7.js","integrity":"sha256-dGwuz2DN6XfuCxPa4vbMTxltr9L9fS4pKDMcMzgzzsc="},"gd":{"path":"sp-component-base_en-us_5a92659f8b74b60f46e7.js","integrity":"sha256-dGwuz2DN6XfuCxPa4vbMTxltr9L9fS4pKDMcMzgzzsc="},"sr-Cyrl-BA":{"path":"sp-component-base_en-us_5a92659f8b74b60f46e7.js","integrity":"sha256-dGwuz2DN6XfuCxPa4vbMTxltr9L9fS4pKDMcMzgzzsc="},"sr-Latn-BA":{"path":"sp-component-base_en-us_5a92659f8b74b60f46e7.js","integrity":"sha256-dGwuz2DN6XfuCxPa4vbMTxltr9L9fS4pKDMcMzgzzsc="},"sd":{"path":"sp-component-base_en-us_5a92659f8b74b60f46e7.js","integrity":"sha256-dGwuz2DN6XfuCxPa4vbMTxltr9L9fS4pKDMcMzgzzsc="},"si":{"path":"sp-component-base_en-us_5a92659f8b74b60f46e7.js","integrity":"sha256-dGwuz2DN6XfuCxPa4vbMTxltr9L9fS4pKDMcMzgzzsc="},"so":{"path":"sp-component-base_en-us_5a92659f8b74b60f46e7.js","integrity":"sha256-dGwuz2DN6XfuCxPa4vbMTxltr9L9fS4pKDMcMzgzzsc="},"ti-ET":{"path":"sp-component-base_en-us_5a92659f8b74b60f46e7.js","integrity":"sha256-dGwuz2DN6XfuCxPa4vbMTxltr9L9fS4pKDMcMzgzzsc="},"uz":{"path":"sp-component-base_en-us_5a92659f8b74b60f46e7.js","integrity":"sha256-dGwuz2DN6XfuCxPa4vbMTxltr9L9fS4pKDMcMzgzzsc="},"en-SG":{"path":"sp-component-base_en-us_5a92659f8b74b60f46e7.js","integrity":"sha256-dGwuz2DN6XfuCxPa4vbMTxltr9L9fS4pKDMcMzgzzsc="},"en-HK":{"path":"sp-component-base_en-us_5a92659f8b74b60f46e7.js","integrity":"sha256-dGwuz2DN6XfuCxPa4vbMTxltr9L9fS4pKDMcMzgzzsc="},"en-MY":{"path":"sp-component-base_en-us_5a92659f8b74b60f46e7.js","integrity":"sha256-dGwuz2DN6XfuCxPa4vbMTxltr9L9fS4pKDMcMzgzzsc="},"en-PH":{"path":"sp-component-base_en-us_5a92659f8b74b60f46e7.js","integrity":"sha256-dGwuz2DN6XfuCxPa4vbMTxltr9L9fS4pKDMcMzgzzsc="},"en-TT":{"path":"sp-component-base_en-us_5a92659f8b74b60f46e7.js","integrity":"sha256-dGwuz2DN6XfuCxPa4vbMTxltr9L9fS4pKDMcMzgzzsc="},"en-AZ":{"path":"sp-component-base_en-us_5a92659f8b74b60f46e7.js","integrity":"sha256-dGwuz2DN6XfuCxPa4vbMTxltr9L9fS4pKDMcMzgzzsc="},"en-BH":{"path":"sp-component-base_en-us_5a92659f8b74b60f46e7.js","integrity":"sha256-dGwuz2DN6XfuCxPa4vbMTxltr9L9fS4pKDMcMzgzzsc="},"en-BN":{"path":"sp-component-base_en-us_5a92659f8b74b60f46e7.js","integrity":"sha256-dGwuz2DN6XfuCxPa4vbMTxltr9L9fS4pKDMcMzgzzsc="},"en-ID":{"path":"sp-component-base_en-us_5a92659f8b74b60f46e7.js","integrity":"sha256-dGwuz2DN6XfuCxPa4vbMTxltr9L9fS4pKDMcMzgzzsc="},"mi":{"path":"sp-component-base_en-us_5a92659f8b74b60f46e7.js","integrity":"sha256-dGwuz2DN6XfuCxPa4vbMTxltr9L9fS4pKDMcMzgzzsc="}},"defaultPath":{"path":"sp-component-base_default_5a92659f8b74b60f46e7.js","integrity":"sha256-lkaI6LcJYDFSTgAs+NFJkbPDjFlmls2KtUy6aJpu3uU="}},"tslib":{"type":"component","id":"01c4df03-e775-48cb-aa14-171ee5199a15","version":"2.3.1"},"@ms/sp-telemetry":{"type":"component","id":"8217e442-8ed3-41fd-957d-b112e841286a","version":"0.31.35"},"@microsoft/sp-dynamic-data":{"type":"component","id":"e40f8203-b39d-425a-a957-714852e33b79","version":"1.18.2"},"@microsoft/sp-lodash-subset":{"type":"component","id":"73e1dc6c-8441-42cc-ad47-4bd3659f8a3a","version":"1.18.2"},"@microsoft/sp-core-library":{"type":"component","id":"7263c7d0-1d6a-45ec-8d85-d4d1d234171b","version":"1.18.2"},"@microsoft/sp-page-context":{"type":"component","id":"1c4541f7-5c31-41aa-9fa8-fbc9dc14c0a8","version":"1.18.2"},"@microsoft/load-themed-styles":{"type":"component","id":"229b8d08-79f3-438b-8c21-4613fc877abd","version":"0.1.2"},"@microsoft/sp-diagnostics":{"type":"component","id":"78359e4b-07c2-43c6-8d0b-d060b4d577e8","version":"1.18.2"},"@microsoft/sp-http":{"type":"component","id":"c07208f0-ea3b-4c1a-9965-ac1b825211a6","version":"1.18.2"}}}},{"id":"29bd516f-4ece-40b7-8028-597cbc65a223","alias":"SpOfficeUIFabricCore","componentType":"Library","version":"1.18.2","manifestVersion":2,"loaderConfig":{"internalModuleBaseUrls":["https://localhost:4321/node_modules/@microsoft/sp-office-ui-fabric-core/dist/","http://localhost:4321/dist/"],"entryModuleId":"office-ui-fabric-core","scriptResources":{"office-ui-fabric-core":{"type":"path","path":{"path":"office-ui-fabric-core_none_0a21cf9fe0b11d0afd24.js","integrity":"sha256-+R5O5qMpozaq+Hn1Q32yvRh6mgMKw8q2ZN/GKr2AhAo="}},"@microsoft/load-themed-styles":{"type":"component","id":"229b8d08-79f3-438b-8c21-4613fc877abd","version":"0.1.2"}}}},{"manifestVersion":2,"id":"2c46c8f0-e214-4f49-951e-fd5b9d7b4ae1","alias":"SPImageHelper","componentType":"Library","version":"1.18.2","loaderConfig":{"internalModuleBaseUrls":["https://localhost:4321/node_modules/@microsoft/sp-image-helper/dist/","https://localhost:4321/dist/"],"entryModuleId":"sp-image-helper","scriptResources":{"sp-image-helper":{"type":"path","path":{"path":"sp-image-helper_none_a7f60bc285272c2837a5.js","integrity":"sha256-4vE3T5wAiqpwhltu0vR5g83JNSspYXPCtLZfifvTmZI="}},"tslib":{"type":"component","id":"01c4df03-e775-48cb-aa14-171ee5199a15","version":"2.3.1"},"@ms/odsp-core-bundle":{"type":"component","id":"2e09fb9b-13bb-48f2-859f-97d6fff71176","version":"1.3.342"},"@microsoft/sp-lodash-subset":{"type":"component","id":"73e1dc6c-8441-42cc-ad47-4bd3659f8a3a","version":"1.18.2"},"@microsoft/sp-core-library":{"type":"component","id":"7263c7d0-1d6a-45ec-8d85-d4d1d234171b","version":"1.18.2"},"@microsoft/sp-page-context":{"type":"component","id":"1c4541f7-5c31-41aa-9fa8-fbc9dc14c0a8","version":"1.18.2"},"@microsoft/sp-diagnostics":{"type":"component","id":"78359e4b-07c2-43c6-8d0b-d060b4d577e8","version":"1.18.2"}}}},{"id":"f9e737b7-f0df-4597-ba8c-3060f82380db","alias":"SPPropertyPane","componentType":"Library","version":"1.18.2","manifestVersion":2,"loaderConfig":{"internalModuleBaseUrls":["https://localhost:4321/node_modules/@microsoft/sp-property-pane/dist/","https://localhost:4321/dist/"],"entryModuleId":"sp-property-pane","scriptResources":{"sp-property-pane":{"type":"localizedPath","paths":{"default":{"path":"sp-property-pane_default_dcd7de9fba5315fdc4fd.js","integrity":"sha256-DrFGpl6yKkblOfKFhPYrvf5Qtk6LEXXPgeYmzXQHcgs="},"en-US":{"path":"sp-property-pane_en-us_dcd7de9fba5315fdc4fd.js","integrity":"sha256-oLK3MKuQOe1682a8+bJdkSVg0Nb8ifVciDZT755hMxY="},"qps-ploca":{"path":"sp-property-pane_qps-ploca_dcd7de9fba5315fdc4fd.js","integrity":"sha256-2WerxhPGXp7hQlTrWS43r403/K/mFjkKKSZiljGIxxA="},"qps-ploc":{"path":"sp-property-pane_qps-ploc_dcd7de9fba5315fdc4fd.js","integrity":"sha256-weDQLVJTxmfSTDHSIe2UqQGoq2/HA3MeYRf8+7IHbt8="},"en-GB":{"path":"sp-property-pane_en-us_dcd7de9fba5315fdc4fd.js","integrity":"sha256-oLK3MKuQOe1682a8+bJdkSVg0Nb8ifVciDZT755hMxY="},"en-NZ":{"path":"sp-property-pane_en-us_dcd7de9fba5315fdc4fd.js","integrity":"sha256-oLK3MKuQOe1682a8+bJdkSVg0Nb8ifVciDZT755hMxY="},"en-IE":{"path":"sp-property-pane_en-us_dcd7de9fba5315fdc4fd.js","integrity":"sha256-oLK3MKuQOe1682a8+bJdkSVg0Nb8ifVciDZT755hMxY="},"en-AU":{"path":"sp-property-pane_en-us_dcd7de9fba5315fdc4fd.js","integrity":"sha256-oLK3MKuQOe1682a8+bJdkSVg0Nb8ifVciDZT755hMxY="},"bn":{"path":"sp-property-pane_en-us_dcd7de9fba5315fdc4fd.js","integrity":"sha256-oLK3MKuQOe1682a8+bJdkSVg0Nb8ifVciDZT755hMxY="},"chr":{"path":"sp-property-pane_en-us_dcd7de9fba5315fdc4fd.js","integrity":"sha256-oLK3MKuQOe1682a8+bJdkSVg0Nb8ifVciDZT755hMxY="},"dv":{"path":"sp-property-pane_en-us_dcd7de9fba5315fdc4fd.js","integrity":"sha256-oLK3MKuQOe1682a8+bJdkSVg0Nb8ifVciDZT755hMxY="},"div":{"path":"sp-property-pane_en-us_dcd7de9fba5315fdc4fd.js","integrity":"sha256-oLK3MKuQOe1682a8+bJdkSVg0Nb8ifVciDZT755hMxY="},"en":{"path":"sp-property-pane_en-us_dcd7de9fba5315fdc4fd.js","integrity":"sha256-oLK3MKuQOe1682a8+bJdkSVg0Nb8ifVciDZT755hMxY="},"fil":{"path":"sp-property-pane_en-us_dcd7de9fba5315fdc4fd.js","integrity":"sha256-oLK3MKuQOe1682a8+bJdkSVg0Nb8ifVciDZT755hMxY="},"haw":{"path":"sp-property-pane_en-us_dcd7de9fba5315fdc4fd.js","integrity":"sha256-oLK3MKuQOe1682a8+bJdkSVg0Nb8ifVciDZT755hMxY="},"iu":{"path":"sp-property-pane_en-us_dcd7de9fba5315fdc4fd.js","integrity":"sha256-oLK3MKuQOe1682a8+bJdkSVg0Nb8ifVciDZT755hMxY="},"lo":{"path":"sp-property-pane_en-us_dcd7de9fba5315fdc4fd.js","integrity":"sha256-oLK3MKuQOe1682a8+bJdkSVg0Nb8ifVciDZT755hMxY="},"moh":{"path":"sp-property-pane_en-us_dcd7de9fba5315fdc4fd.js","integrity":"sha256-oLK3MKuQOe1682a8+bJdkSVg0Nb8ifVciDZT755hMxY="},"sq":{"path":"sp-property-pane_en-us_dcd7de9fba5315fdc4fd.js","integrity":"sha256-oLK3MKuQOe1682a8+bJdkSVg0Nb8ifVciDZT755hMxY="},"am":{"path":"sp-property-pane_en-us_dcd7de9fba5315fdc4fd.js","integrity":"sha256-oLK3MKuQOe1682a8+bJdkSVg0Nb8ifVciDZT755hMxY="},"hy":{"path":"sp-property-pane_en-us_dcd7de9fba5315fdc4fd.js","integrity":"sha256-oLK3MKuQOe1682a8+bJdkSVg0Nb8ifVciDZT755hMxY="},"mk":{"path":"sp-property-pane_en-us_dcd7de9fba5315fdc4fd.js","integrity":"sha256-oLK3MKuQOe1682a8+bJdkSVg0Nb8ifVciDZT755hMxY="},"bs":{"path":"sp-property-pane_en-us_dcd7de9fba5315fdc4fd.js","integrity":"sha256-oLK3MKuQOe1682a8+bJdkSVg0Nb8ifVciDZT755hMxY="},"my":{"path":"sp-property-pane_en-us_dcd7de9fba5315fdc4fd.js","integrity":"sha256-oLK3MKuQOe1682a8+bJdkSVg0Nb8ifVciDZT755hMxY="},"dz":{"path":"sp-property-pane_en-us_dcd7de9fba5315fdc4fd.js","integrity":"sha256-oLK3MKuQOe1682a8+bJdkSVg0Nb8ifVciDZT755hMxY="},"en-CY":{"path":"sp-property-pane_en-us_dcd7de9fba5315fdc4fd.js","integrity":"sha256-oLK3MKuQOe1682a8+bJdkSVg0Nb8ifVciDZT755hMxY="},"en-EG":{"path":"sp-property-pane_en-us_dcd7de9fba5315fdc4fd.js","integrity":"sha256-oLK3MKuQOe1682a8+bJdkSVg0Nb8ifVciDZT755hMxY="},"en-IL":{"path":"sp-property-pane_en-us_dcd7de9fba5315fdc4fd.js","integrity":"sha256-oLK3MKuQOe1682a8+bJdkSVg0Nb8ifVciDZT755hMxY="},"en-IS":{"path":"sp-property-pane_en-us_dcd7de9fba5315fdc4fd.js","integrity":"sha256-oLK3MKuQOe1682a8+bJdkSVg0Nb8ifVciDZT755hMxY="},"en-JO":{"path":"sp-property-pane_en-us_dcd7de9fba5315fdc4fd.js","integrity":"sha256-oLK3MKuQOe1682a8+bJdkSVg0Nb8ifVciDZT755hMxY="},"en-KE":{"path":"sp-property-pane_en-us_dcd7de9fba5315fdc4fd.js","integrity":"sha256-oLK3MKuQOe1682a8+bJdkSVg0Nb8ifVciDZT755hMxY="},"en-KW":{"path":"sp-property-pane_en-us_dcd7de9fba5315fdc4fd.js","integrity":"sha256-oLK3MKuQOe1682a8+bJdkSVg0Nb8ifVciDZT755hMxY="},"en-MK":{"path":"sp-property-pane_en-us_dcd7de9fba5315fdc4fd.js","integrity":"sha256-oLK3MKuQOe1682a8+bJdkSVg0Nb8ifVciDZT755hMxY="},"en-MT":{"path":"sp-property-pane_en-us_dcd7de9fba5315fdc4fd.js","integrity":"sha256-oLK3MKuQOe1682a8+bJdkSVg0Nb8ifVciDZT755hMxY="},"en-PK":{"path":"sp-property-pane_en-us_dcd7de9fba5315fdc4fd.js","integrity":"sha256-oLK3MKuQOe1682a8+bJdkSVg0Nb8ifVciDZT755hMxY="},"en-QA":{"path":"sp-property-pane_en-us_dcd7de9fba5315fdc4fd.js","integrity":"sha256-oLK3MKuQOe1682a8+bJdkSVg0Nb8ifVciDZT755hMxY="},"en-SA":{"path":"sp-property-pane_en-us_dcd7de9fba5315fdc4fd.js","integrity":"sha256-oLK3MKuQOe1682a8+bJdkSVg0Nb8ifVciDZT755hMxY="},"en-LK":{"path":"sp-property-pane_en-us_dcd7de9fba5315fdc4fd.js","integrity":"sha256-oLK3MKuQOe1682a8+bJdkSVg0Nb8ifVciDZT755hMxY="},"en-AE":{"path":"sp-property-pane_en-us_dcd7de9fba5315fdc4fd.js","integrity":"sha256-oLK3MKuQOe1682a8+bJdkSVg0Nb8ifVciDZT755hMxY="},"en-VN":{"path":"sp-property-pane_en-us_dcd7de9fba5315fdc4fd.js","integrity":"sha256-oLK3MKuQOe1682a8+bJdkSVg0Nb8ifVciDZT755hMxY="},"is":{"path":"sp-property-pane_en-us_dcd7de9fba5315fdc4fd.js","integrity":"sha256-oLK3MKuQOe1682a8+bJdkSVg0Nb8ifVciDZT755hMxY="},"km":{"path":"sp-property-pane_en-us_dcd7de9fba5315fdc4fd.js","integrity":"sha256-oLK3MKuQOe1682a8+bJdkSVg0Nb8ifVciDZT755hMxY="},"kh":{"path":"sp-property-pane_en-us_dcd7de9fba5315fdc4fd.js","integrity":"sha256-oLK3MKuQOe1682a8+bJdkSVg0Nb8ifVciDZT755hMxY="},"mt":{"path":"sp-property-pane_en-us_dcd7de9fba5315fdc4fd.js","integrity":"sha256-oLK3MKuQOe1682a8+bJdkSVg0Nb8ifVciDZT755hMxY="},"fa":{"path":"sp-property-pane_en-us_dcd7de9fba5315fdc4fd.js","integrity":"sha256-oLK3MKuQOe1682a8+bJdkSVg0Nb8ifVciDZT755hMxY="},"gd":{"path":"sp-property-pane_en-us_dcd7de9fba5315fdc4fd.js","integrity":"sha256-oLK3MKuQOe1682a8+bJdkSVg0Nb8ifVciDZT755hMxY="},"sr-Cyrl-BA":{"path":"sp-property-pane_en-us_dcd7de9fba5315fdc4fd.js","integrity":"sha256-oLK3MKuQOe1682a8+bJdkSVg0Nb8ifVciDZT755hMxY="},"sr-Latn-BA":{"path":"sp-property-pane_en-us_dcd7de9fba5315fdc4fd.js","integrity":"sha256-oLK3MKuQOe1682a8+bJdkSVg0Nb8ifVciDZT755hMxY="},"sd":{"path":"sp-property-pane_en-us_dcd7de9fba5315fdc4fd.js","integrity":"sha256-oLK3MKuQOe1682a8+bJdkSVg0Nb8ifVciDZT755hMxY="},"si":{"path":"sp-property-pane_en-us_dcd7de9fba5315fdc4fd.js","integrity":"sha256-oLK3MKuQOe1682a8+bJdkSVg0Nb8ifVciDZT755hMxY="},"so":{"path":"sp-property-pane_en-us_dcd7de9fba5315fdc4fd.js","integrity":"sha256-oLK3MKuQOe1682a8+bJdkSVg0Nb8ifVciDZT755hMxY="},"ti-ET":{"path":"sp-property-pane_en-us_dcd7de9fba5315fdc4fd.js","integrity":"sha256-oLK3MKuQOe1682a8+bJdkSVg0Nb8ifVciDZT755hMxY="},"uz":{"path":"sp-property-pane_en-us_dcd7de9fba5315fdc4fd.js","integrity":"sha256-oLK3MKuQOe1682a8+bJdkSVg0Nb8ifVciDZT755hMxY="},"en-SG":{"path":"sp-property-pane_en-us_dcd7de9fba5315fdc4fd.js","integrity":"sha256-oLK3MKuQOe1682a8+bJdkSVg0Nb8ifVciDZT755hMxY="},"en-HK":{"path":"sp-property-pane_en-us_dcd7de9fba5315fdc4fd.js","integrity":"sha256-oLK3MKuQOe1682a8+bJdkSVg0Nb8ifVciDZT755hMxY="},"en-MY":{"path":"sp-property-pane_en-us_dcd7de9fba5315fdc4fd.js","integrity":"sha256-oLK3MKuQOe1682a8+bJdkSVg0Nb8ifVciDZT755hMxY="},"en-PH":{"path":"sp-property-pane_en-us_dcd7de9fba5315fdc4fd.js","integrity":"sha256-oLK3MKuQOe1682a8+bJdkSVg0Nb8ifVciDZT755hMxY="},"en-TT":{"path":"sp-property-pane_en-us_dcd7de9fba5315fdc4fd.js","integrity":"sha256-oLK3MKuQOe1682a8+bJdkSVg0Nb8ifVciDZT755hMxY="},"en-AZ":{"path":"sp-property-pane_en-us_dcd7de9fba5315fdc4fd.js","integrity":"sha256-oLK3MKuQOe1682a8+bJdkSVg0Nb8ifVciDZT755hMxY="},"en-BH":{"path":"sp-property-pane_en-us_dcd7de9fba5315fdc4fd.js","integrity":"sha256-oLK3MKuQOe1682a8+bJdkSVg0Nb8ifVciDZT755hMxY="},"en-BN":{"path":"sp-property-pane_en-us_dcd7de9fba5315fdc4fd.js","integrity":"sha256-oLK3MKuQOe1682a8+bJdkSVg0Nb8ifVciDZT755hMxY="},"en-ID":{"path":"sp-property-pane_en-us_dcd7de9fba5315fdc4fd.js","integrity":"sha256-oLK3MKuQOe1682a8+bJdkSVg0Nb8ifVciDZT755hMxY="},"mi":{"path":"sp-property-pane_en-us_dcd7de9fba5315fdc4fd.js","integrity":"sha256-oLK3MKuQOe1682a8+bJdkSVg0Nb8ifVciDZT755hMxY="}},"defaultPath":{"path":"sp-property-pane_default_dcd7de9fba5315fdc4fd.js","integrity":"sha256-DrFGpl6yKkblOfKFhPYrvf5Qtk6LEXXPgeYmzXQHcgs="}},"tslib":{"type":"component","id":"01c4df03-e775-48cb-aa14-171ee5199a15","version":"2.3.1"},"@ms/office-ui-fabric-react-bundle":{"type":"component","id":"396bbc17-3d18-4f43-8299-d99720d88e22","version":"1.18.6"},"@microsoft/sp-loader":{"type":"component","id":"1c6c9123-7aac-41f3-a376-3caea41ed83f","version":"1.18.2"},"@microsoft/sp-core-library":{"type":"component","id":"7263c7d0-1d6a-45ec-8d85-d4d1d234171b","version":"1.18.2"},"react":{"type":"component","id":"0d910c1c-13b9-4e1c-9aa4-b008c5e42d7d","version":"17.0.1"},"react-dom":{"type":"component","id":"aa0a46ec-1505-43cd-a44a-93f3a5aa460a","version":"17.0.1"},"@ms/sp-component-utilities":{"type":"component","id":"8494e7d7-6b99-47b2-a741-59873e42f16f","version":"12.35.2"},"@microsoft/load-themed-styles":{"type":"component","id":"229b8d08-79f3-438b-8c21-4613fc877abd","version":"0.1.2"},"@microsoft/sp-diagnostics":{"type":"component","id":"78359e4b-07c2-43c6-8d0b-d060b4d577e8","version":"1.18.2"}}}},{"manifestVersion":2,"id":"d5c7f2a5-a8e2-431c-9161-70d4d6396f79","alias":"SpTopActions","componentType":"Library","version":"1.18.2","loaderConfig":{"internalModuleBaseUrls":["https://localhost:4321/node_modules/@microsoft/sp-top-actions/dist/","https://localhost:4321/dist/"],"entryModuleId":"sp-top-actions","scriptResources":{"sp-top-actions":{"type":"path","path":{"path":"sp-top-actions_none_c2d6b63c1fb1610f8583.js","integrity":"sha256-8BCy74Zv4OKECD9jDH728YI1CH+hf9w48VZ59M2OgFI="}}}}},{"id":"974a7777-0990-4136-8fa6-95d80114c2e0","alias":"SPWebPartBase","componentType":"Library","version":"1.18.2","manifestVersion":2,"preloadComponents":["f9e737b7-f0df-4597-ba8c-3060f82380db"],"loaderConfig":{"internalModuleBaseUrls":["https://localhost:4321/node_modules/@microsoft/sp-webpart-base/dist/","https://localhost:4321/dist/"],"entryModuleId":"sp-webpart-base","scriptResources":{"sp-webpart-base":{"type":"localizedPath","paths":{"default":{"path":"sp-webpart-base_default_f92004c6a0d3391930cd.js","integrity":"sha256-eQh+ixVNftQ4XBmeAcst9ttAP4Z9GfNBagInuqtRjz0="},"en-US":{"path":"sp-webpart-base_en-us_f92004c6a0d3391930cd.js","integrity":"sha256-ESLNcxYhOhFyph8joCeUAuEBX31MoZQvCE7pey7Gl3I="},"qps-ploca":{"path":"sp-webpart-base_qps-ploca_f92004c6a0d3391930cd.js","integrity":"sha256-gDrL9wnjSf4m+OW1+jq8cnW4oDlareiO83+cRsNXwro="},"qps-ploc":{"path":"sp-webpart-base_qps-ploc_f92004c6a0d3391930cd.js","integrity":"sha256-UIJha1D6eVJ4cfnH1cJPVBrDJvoRgq0hC874ytPlY/Q="},"en-GB":{"path":"sp-webpart-base_en-us_f92004c6a0d3391930cd.js","integrity":"sha256-ESLNcxYhOhFyph8joCeUAuEBX31MoZQvCE7pey7Gl3I="},"en-NZ":{"path":"sp-webpart-base_en-us_f92004c6a0d3391930cd.js","integrity":"sha256-ESLNcxYhOhFyph8joCeUAuEBX31MoZQvCE7pey7Gl3I="},"en-IE":{"path":"sp-webpart-base_en-us_f92004c6a0d3391930cd.js","integrity":"sha256-ESLNcxYhOhFyph8joCeUAuEBX31MoZQvCE7pey7Gl3I="},"en-AU":{"path":"sp-webpart-base_en-us_f92004c6a0d3391930cd.js","integrity":"sha256-ESLNcxYhOhFyph8joCeUAuEBX31MoZQvCE7pey7Gl3I="},"bn":{"path":"sp-webpart-base_en-us_f92004c6a0d3391930cd.js","integrity":"sha256-ESLNcxYhOhFyph8joCeUAuEBX31MoZQvCE7pey7Gl3I="},"chr":{"path":"sp-webpart-base_en-us_f92004c6a0d3391930cd.js","integrity":"sha256-ESLNcxYhOhFyph8joCeUAuEBX31MoZQvCE7pey7Gl3I="},"dv":{"path":"sp-webpart-base_en-us_f92004c6a0d3391930cd.js","integrity":"sha256-ESLNcxYhOhFyph8joCeUAuEBX31MoZQvCE7pey7Gl3I="},"div":{"path":"sp-webpart-base_en-us_f92004c6a0d3391930cd.js","integrity":"sha256-ESLNcxYhOhFyph8joCeUAuEBX31MoZQvCE7pey7Gl3I="},"en":{"path":"sp-webpart-base_en-us_f92004c6a0d3391930cd.js","integrity":"sha256-ESLNcxYhOhFyph8joCeUAuEBX31MoZQvCE7pey7Gl3I="},"fil":{"path":"sp-webpart-base_en-us_f92004c6a0d3391930cd.js","integrity":"sha256-ESLNcxYhOhFyph8joCeUAuEBX31MoZQvCE7pey7Gl3I="},"haw":{"path":"sp-webpart-base_en-us_f92004c6a0d3391930cd.js","integrity":"sha256-ESLNcxYhOhFyph8joCeUAuEBX31MoZQvCE7pey7Gl3I="},"iu":{"path":"sp-webpart-base_en-us_f92004c6a0d3391930cd.js","integrity":"sha256-ESLNcxYhOhFyph8joCeUAuEBX31MoZQvCE7pey7Gl3I="},"lo":{"path":"sp-webpart-base_en-us_f92004c6a0d3391930cd.js","integrity":"sha256-ESLNcxYhOhFyph8joCeUAuEBX31MoZQvCE7pey7Gl3I="},"moh":{"path":"sp-webpart-base_en-us_f92004c6a0d3391930cd.js","integrity":"sha256-ESLNcxYhOhFyph8joCeUAuEBX31MoZQvCE7pey7Gl3I="},"sq":{"path":"sp-webpart-base_en-us_f92004c6a0d3391930cd.js","integrity":"sha256-ESLNcxYhOhFyph8joCeUAuEBX31MoZQvCE7pey7Gl3I="},"am":{"path":"sp-webpart-base_en-us_f92004c6a0d3391930cd.js","integrity":"sha256-ESLNcxYhOhFyph8joCeUAuEBX31MoZQvCE7pey7Gl3I="},"hy":{"path":"sp-webpart-base_en-us_f92004c6a0d3391930cd.js","integrity":"sha256-ESLNcxYhOhFyph8joCeUAuEBX31MoZQvCE7pey7Gl3I="},"mk":{"path":"sp-webpart-base_en-us_f92004c6a0d3391930cd.js","integrity":"sha256-ESLNcxYhOhFyph8joCeUAuEBX31MoZQvCE7pey7Gl3I="},"bs":{"path":"sp-webpart-base_en-us_f92004c6a0d3391930cd.js","integrity":"sha256-ESLNcxYhOhFyph8joCeUAuEBX31MoZQvCE7pey7Gl3I="},"my":{"path":"sp-webpart-base_en-us_f92004c6a0d3391930cd.js","integrity":"sha256-ESLNcxYhOhFyph8joCeUAuEBX31MoZQvCE7pey7Gl3I="},"dz":{"path":"sp-webpart-base_en-us_f92004c6a0d3391930cd.js","integrity":"sha256-ESLNcxYhOhFyph8joCeUAuEBX31MoZQvCE7pey7Gl3I="},"en-CY":{"path":"sp-webpart-base_en-us_f92004c6a0d3391930cd.js","integrity":"sha256-ESLNcxYhOhFyph8joCeUAuEBX31MoZQvCE7pey7Gl3I="},"en-EG":{"path":"sp-webpart-base_en-us_f92004c6a0d3391930cd.js","integrity":"sha256-ESLNcxYhOhFyph8joCeUAuEBX31MoZQvCE7pey7Gl3I="},"en-IL":{"path":"sp-webpart-base_en-us_f92004c6a0d3391930cd.js","integrity":"sha256-ESLNcxYhOhFyph8joCeUAuEBX31MoZQvCE7pey7Gl3I="},"en-IS":{"path":"sp-webpart-base_en-us_f92004c6a0d3391930cd.js","integrity":"sha256-ESLNcxYhOhFyph8joCeUAuEBX31MoZQvCE7pey7Gl3I="},"en-JO":{"path":"sp-webpart-base_en-us_f92004c6a0d3391930cd.js","integrity":"sha256-ESLNcxYhOhFyph8joCeUAuEBX31MoZQvCE7pey7Gl3I="},"en-KE":{"path":"sp-webpart-base_en-us_f92004c6a0d3391930cd.js","integrity":"sha256-ESLNcxYhOhFyph8joCeUAuEBX31MoZQvCE7pey7Gl3I="},"en-KW":{"path":"sp-webpart-base_en-us_f92004c6a0d3391930cd.js","integrity":"sha256-ESLNcxYhOhFyph8joCeUAuEBX31MoZQvCE7pey7Gl3I="},"en-MK":{"path":"sp-webpart-base_en-us_f92004c6a0d3391930cd.js","integrity":"sha256-ESLNcxYhOhFyph8joCeUAuEBX31MoZQvCE7pey7Gl3I="},"en-MT":{"path":"sp-webpart-base_en-us_f92004c6a0d3391930cd.js","integrity":"sha256-ESLNcxYhOhFyph8joCeUAuEBX31MoZQvCE7pey7Gl3I="},"en-PK":{"path":"sp-webpart-base_en-us_f92004c6a0d3391930cd.js","integrity":"sha256-ESLNcxYhOhFyph8joCeUAuEBX31MoZQvCE7pey7Gl3I="},"en-QA":{"path":"sp-webpart-base_en-us_f92004c6a0d3391930cd.js","integrity":"sha256-ESLNcxYhOhFyph8joCeUAuEBX31MoZQvCE7pey7Gl3I="},"en-SA":{"path":"sp-webpart-base_en-us_f92004c6a0d3391930cd.js","integrity":"sha256-ESLNcxYhOhFyph8joCeUAuEBX31MoZQvCE7pey7Gl3I="},"en-LK":{"path":"sp-webpart-base_en-us_f92004c6a0d3391930cd.js","integrity":"sha256-ESLNcxYhOhFyph8joCeUAuEBX31MoZQvCE7pey7Gl3I="},"en-AE":{"path":"sp-webpart-base_en-us_f92004c6a0d3391930cd.js","integrity":"sha256-ESLNcxYhOhFyph8joCeUAuEBX31MoZQvCE7pey7Gl3I="},"en-VN":{"path":"sp-webpart-base_en-us_f92004c6a0d3391930cd.js","integrity":"sha256-ESLNcxYhOhFyph8joCeUAuEBX31MoZQvCE7pey7Gl3I="},"is":{"path":"sp-webpart-base_en-us_f92004c6a0d3391930cd.js","integrity":"sha256-ESLNcxYhOhFyph8joCeUAuEBX31MoZQvCE7pey7Gl3I="},"km":{"path":"sp-webpart-base_en-us_f92004c6a0d3391930cd.js","integrity":"sha256-ESLNcxYhOhFyph8joCeUAuEBX31MoZQvCE7pey7Gl3I="},"kh":{"path":"sp-webpart-base_en-us_f92004c6a0d3391930cd.js","integrity":"sha256-ESLNcxYhOhFyph8joCeUAuEBX31MoZQvCE7pey7Gl3I="},"mt":{"path":"sp-webpart-base_en-us_f92004c6a0d3391930cd.js","integrity":"sha256-ESLNcxYhOhFyph8joCeUAuEBX31MoZQvCE7pey7Gl3I="},"fa":{"path":"sp-webpart-base_en-us_f92004c6a0d3391930cd.js","integrity":"sha256-ESLNcxYhOhFyph8joCeUAuEBX31MoZQvCE7pey7Gl3I="},"gd":{"path":"sp-webpart-base_en-us_f92004c6a0d3391930cd.js","integrity":"sha256-ESLNcxYhOhFyph8joCeUAuEBX31MoZQvCE7pey7Gl3I="},"sr-Cyrl-BA":{"path":"sp-webpart-base_en-us_f92004c6a0d3391930cd.js","integrity":"sha256-ESLNcxYhOhFyph8joCeUAuEBX31MoZQvCE7pey7Gl3I="},"sr-Latn-BA":{"path":"sp-webpart-base_en-us_f92004c6a0d3391930cd.js","integrity":"sha256-ESLNcxYhOhFyph8joCeUAuEBX31MoZQvCE7pey7Gl3I="},"sd":{"path":"sp-webpart-base_en-us_f92004c6a0d3391930cd.js","integrity":"sha256-ESLNcxYhOhFyph8joCeUAuEBX31MoZQvCE7pey7Gl3I="},"si":{"path":"sp-webpart-base_en-us_f92004c6a0d3391930cd.js","integrity":"sha256-ESLNcxYhOhFyph8joCeUAuEBX31MoZQvCE7pey7Gl3I="},"so":{"path":"sp-webpart-base_en-us_f92004c6a0d3391930cd.js","integrity":"sha256-ESLNcxYhOhFyph8joCeUAuEBX31MoZQvCE7pey7Gl3I="},"ti-ET":{"path":"sp-webpart-base_en-us_f92004c6a0d3391930cd.js","integrity":"sha256-ESLNcxYhOhFyph8joCeUAuEBX31MoZQvCE7pey7Gl3I="},"uz":{"path":"sp-webpart-base_en-us_f92004c6a0d3391930cd.js","integrity":"sha256-ESLNcxYhOhFyph8joCeUAuEBX31MoZQvCE7pey7Gl3I="},"en-SG":{"path":"sp-webpart-base_en-us_f92004c6a0d3391930cd.js","integrity":"sha256-ESLNcxYhOhFyph8joCeUAuEBX31MoZQvCE7pey7Gl3I="},"en-HK":{"path":"sp-webpart-base_en-us_f92004c6a0d3391930cd.js","integrity":"sha256-ESLNcxYhOhFyph8joCeUAuEBX31MoZQvCE7pey7Gl3I="},"en-MY":{"path":"sp-webpart-base_en-us_f92004c6a0d3391930cd.js","integrity":"sha256-ESLNcxYhOhFyph8joCeUAuEBX31MoZQvCE7pey7Gl3I="},"en-PH":{"path":"sp-webpart-base_en-us_f92004c6a0d3391930cd.js","integrity":"sha256-ESLNcxYhOhFyph8joCeUAuEBX31MoZQvCE7pey7Gl3I="},"en-TT":{"path":"sp-webpart-base_en-us_f92004c6a0d3391930cd.js","integrity":"sha256-ESLNcxYhOhFyph8joCeUAuEBX31MoZQvCE7pey7Gl3I="},"en-AZ":{"path":"sp-webpart-base_en-us_f92004c6a0d3391930cd.js","integrity":"sha256-ESLNcxYhOhFyph8joCeUAuEBX31MoZQvCE7pey7Gl3I="},"en-BH":{"path":"sp-webpart-base_en-us_f92004c6a0d3391930cd.js","integrity":"sha256-ESLNcxYhOhFyph8joCeUAuEBX31MoZQvCE7pey7Gl3I="},"en-BN":{"path":"sp-webpart-base_en-us_f92004c6a0d3391930cd.js","integrity":"sha256-ESLNcxYhOhFyph8joCeUAuEBX31MoZQvCE7pey7Gl3I="},"en-ID":{"path":"sp-webpart-base_en-us_f92004c6a0d3391930cd.js","integrity":"sha256-ESLNcxYhOhFyph8joCeUAuEBX31MoZQvCE7pey7Gl3I="},"mi":{"path":"sp-webpart-base_en-us_f92004c6a0d3391930cd.js","integrity":"sha256-ESLNcxYhOhFyph8joCeUAuEBX31MoZQvCE7pey7Gl3I="}},"defaultPath":{"path":"sp-webpart-base_default_f92004c6a0d3391930cd.js","integrity":"sha256-eQh+ixVNftQ4XBmeAcst9ttAP4Z9GfNBagInuqtRjz0="}},"tslib":{"type":"component","id":"01c4df03-e775-48cb-aa14-171ee5199a15","version":"2.3.1"},"@ms/sp-telemetry":{"type":"component","id":"8217e442-8ed3-41fd-957d-b112e841286a","version":"0.31.35"},"@microsoft/sp-component-base":{"type":"component","id":"467dc675-7cc5-4709-8aac-78e3b71bd2f6","version":"1.18.2"},"@microsoft/sp-loader":{"type":"component","id":"1c6c9123-7aac-41f3-a376-3caea41ed83f","version":"1.18.2"},"@microsoft/sp-lodash-subset":{"type":"component","id":"73e1dc6c-8441-42cc-ad47-4bd3659f8a3a","version":"1.18.2"},"@microsoft/sp-core-library":{"type":"component","id":"7263c7d0-1d6a-45ec-8d85-d4d1d234171b","version":"1.18.2"},"@microsoft/sp-page-context":{"type":"component","id":"1c4541f7-5c31-41aa-9fa8-fbc9dc14c0a8","version":"1.18.2"},"@ms/sp-edit-customer-promise":{"type":"component","id":"42647dee-1f75-4b9f-b521-5c844a6c35cc","version":"0.1.0"},"@microsoft/load-themed-styles":{"type":"component","id":"229b8d08-79f3-438b-8c21-4613fc877abd","version":"0.1.2"},"@microsoft/sp-diagnostics":{"type":"component","id":"78359e4b-07c2-43c6-8d0b-d060b4d577e8","version":"1.18.2"},"@microsoft/sp-http":{"type":"component","id":"c07208f0-ea3b-4c1a-9965-ac1b825211a6","version":"1.18.2"}}}},{"id":"88f36022-7737-4132-9e29-15f32d8a9cee","alias":"RenderListwithPnpWebPart","componentType":"WebPart","version":"0.0.1","manifestVersion":2,"requiresCustomScript":false,"supportedHosts":["SharePointWebPart","TeamsPersonalApp","TeamsTab","SharePointFullPage"],"supportsThemeVariants":true,"preconfiguredEntries":[{"groupId":"5c03119e-3074-46fd-976b-c60198311f70","group":{"default":"Advanced"},"title":{"default":"renderListwithPnp"},"description":{"default":"renderListwithPnp description"},"officeFabricIconFontName":"Page","properties":{"listName":"Alumnos"}}],"loaderConfig":{"internalModuleBaseUrls":["https://localhost:4321/dist/"],"entryModuleId":"render-listwith-pnp-web-part","scriptResources":{"render-listwith-pnp-web-part":{"type":"path","path":"render-listwith-pnp-web-part.js"},"@microsoft/sp-property-pane":{"type":"component","id":"f9e737b7-f0df-4597-ba8c-3060f82380db","version":"1.18.2"},"@microsoft/sp-core-library":{"type":"component","id":"7263c7d0-1d6a-45ec-8d85-d4d1d234171b","version":"1.18.2"},"RenderListwithPnpWebPartStrings":{"type":"path","path":"RenderListwithPnpWebPartStrings_en-us.js"},"@microsoft/sp-webpart-base":{"type":"component","id":"974a7777-0990-4136-8fa6-95d80114c2e0","version":"1.18.2"},"react":{"type":"component","id":"0d910c1c-13b9-4e1c-9aa4-b008c5e42d7d","version":"17.0.1"},"react-dom":{"type":"component","id":"aa0a46ec-1505-43cd-a44a-93f3a5aa460a","version":"17.0.1"}}}}]